UserID,Gender,Age,EstimatedSalary,AgeGroup,SalarySlab,Purchased
10001,M,26.0,66870.0,Young,Medium,0
10002,F,28.0,57682.0,Young,Medium,0
10003,female,,93903.0,Adult,High,1
10004,Female,43.0,9800.0,Adult,Low,0
10005,Male,49.0,64791.0,Adult,Medium,1
10006,Male,28.0,,Young,Medium,0
10007,Male,54.0,53334.0,Senior,Medium,1
10008,F,34.0,108509.0,Adult,High,1
10009,Female,38.0,43098.0,Adult,Medium,0
10010,female,28.0,83903.0,Young,Medium,1
10011,Male,-1.0,74089.0,Young,Medium,0
10012,F,48.0,96999.0,Adult,High,1
10013,F,47.0,48683.0,Adult,Medium,0
10014,Male,34.0,46376.0,Adult,Medium,0
10015,Male,37.0,92068.0,Adult,High,1
10016,Male,45.0,75746.0,Adult,Medium,1
10017,male,20.0,25961.0,Young,Low,0
10018,Female,30.0,51670.0,Adult,Medium,0
10019,Female,48.0,75117.0,Adult,Medium,1
10020,male,22.0,86292.0,Young,Medium,0
10021,Female,41.0,48243.0,Adult,Medium,0
10022,Male,22.0,9550.0,Young,Low,0
10023,male,42.0,77691.0,Adult,Medium,1
10024,M,37.0,34453.0,Adult,Low,0
10025,Female,17.0,14507.0,Young,Low,0
10026,F,51.0,9770.0,Senior,Low,0
10027,Male,29.0,85425.0,Young,Medium,1
10028,Female,29.0,68058.0,Young,Medium,0
10029,Female,41.0,59040.0,Adult,Medium,0
10030,Male,50.0,99727.0,Senior,High,1
10031,Female,26.0,81276.0,Young,Medium,1
10032,Male,,104916.0,Adult,High,1
10033,Male,43.0,499993.0,Adult,High,1
10034,F,45.0,63869.0,Adult,Medium,1
10035,F,39.0,24379.0,Adult,Low,0
10036,F,33.0,59008.0,Adult,Medium,0
10037,male,29.0,58792.0,Young,Medium,0
10038,Male,40.0,80515.0,Adult,Medium,1
10039,female,24.0,65905.0,Young,Medium,0
10040,Female,-5.0,80714.0,Young,Medium,0
10041,Male,,82741.0,Adult,Medium,1
10042,Female,48.0,119265.0,Adult,High,1
10043,Male,8.0,56817.0,Young,Medium,0
10044,F,25.0,41212.0,Young,Medium,0
10045,male,44.0,-500.0,Adult,Low,0
10046,Female,61.0,45356.0,Senior,Medium,1
10047,male,,101963.0,Adult,High,1
10048,Female,28.0,58387.0,Young,Medium,0
10049,Female,35.0,50843.0,Adult,Medium,0
10050,Male,55.0,53153.0,Senior,Medium,1
10051,F,31.0,83458.0,Adult,Medium,1
10052,F,28.0,60801.0,Young,Medium,0
10053,F,32.0,49315.0,Adult,Medium,0
10054,F,,106140.0,Young,High,1
10055,Female,38.0,43246.0,Adult,Medium,0
10056,F,58.0,65780.0,Senior,Medium,1
10057,Male,40.0,-500.0,Adult,Low,0
10058,Male,33.0,24082.0,Adult,Low,0
10059,Male,33.0,77449.0,Adult,Medium,1
10060,male,,38791.0,Senior,Low,0
10061,M,49.0,85638.0,Adult,Medium,1
10062,male,38.0,40518.0,Adult,Medium,0
10063,F,34.0,81873.0,Adult,Medium,1
10064,M,76.0,92857.0,Senior,High,1
10065,male,42.0,86668.0,Adult,Medium,1
10066,Female,27.0,71227.0,Young,Medium,0
10067,Male,32.0,59336.0,Adult,Medium,0
10068,F,51.0,50392.0,Senior,Medium,1
10069,Male,38.0,,Adult,High,1
10070,F,21.0,47432.0,Young,Medium,0
10071,F,49.0,39476.0,Adult,Low,0
10072,Male,30.0,81518.0,Adult,Medium,1
10073,Male,61.0,45583.0,Senior,Medium,1
10074,F,50.0,40945.0,Senior,Medium,0
10075,female,31.0,28455.0,Adult,Low,0
10076,female,53.0,53166.0,Senior,Medium,1
10077,F,38.0,63188.0,Adult,Medium,0
10078,Male,49.0,70779.0,Adult,Medium,1
10079,M,42.0,88542.0,Adult,Medium,1
10080,Male,28.0,78361.0,Young,Medium,1
10081,F,30.0,,Adult,Medium,0
10082,Female,49.0,60231.0,Adult,Medium,1
10083,male,32.0,78038.0,Adult,Medium,1
10084,Male,32.0,96653.0,Adult,High,1
10085,male,25.0,68068.0,Young,Medium,0
10086,male,42.0,53743.0,Adult,Medium,0
10087,female,62.0,39938.0,Senior,Low,0
10088,Female,25.0,28654.0,Young,Low,0
10089,F,38.0,81668.0,Adult,Medium,1
10090,Female,55.0,79034.0,Senior,Medium,1
10091,Male,36.0,-1200.0,Adult,Low,0
10092,female,42.0,61712.0,Adult,Medium,1
10093,female,25.0,,Young,High,1
10094,Female,42.0,52427.0,Adult,Medium,0
10095,F,36.0,89090.0,Adult,Medium,1
10096,Female,48.0,64133.0,Adult,Medium,1
10097,Female,51.0,49730.0,Senior,Medium,1
10098,Female,70.0,80297.0,Senior,Medium,1
10099,Male,44.0,75088.0,Adult,Medium,1
10100,Male,41.0,500394.0,Adult,High,1
10101,Male,39.0,66942.0,Adult,Medium,1
10102,Female,34.0,64079.0,Adult,Medium,0
10103,male,42.0,124518.0,Adult,High,1
10104,Female,34.0,95054.0,Adult,High,1
10105,F,40.0,82965.0,Adult,Medium,1
10106,Male,52.0,68081.0,Senior,Medium,1
10107,M,26.0,90015.0,Young,High,1
10108,female,50.0,78122.0,Senior,Medium,1
10109,Male,53.0,65591.0,Senior,Medium,1
10110,Male,37.0,57613.0,Adult,Medium,0
10111,male,11.0,63139.0,Young,Medium,0
10112,Male,,9864.0,Adult,Low,0
10113,F,53.0,70687.0,Senior,Medium,1
10114,F,36.0,52400.0,Adult,Medium,0
10115,Female,26.0,105100.0,Young,High,1
10116,F,31.0,65158.0,Adult,Medium,0
10117,F,49.0,34923.0,Adult,Low,0
10118,Male,,63429.0,Adult,Medium,1
10119,F,34.0,39281.0,Adult,Low,0
10120,Female,34.0,76716.0,Adult,Medium,1
10121,F,32.0,71995.0,Adult,Medium,0
10122,F,,-500.0,Young,Low,0
10123,male,58.0,45511.0,Senior,Medium,1
10124,Male,200.0,65538.0,Senior,Medium,1
10125,Male,53.0,30679.0,Senior,Low,0
10126,Female,57.0,82414.0,Senior,Medium,1
10127,F,48.0,78072.0,Adult,Medium,1
10128,F,32.0,77237.0,Adult,Medium,1
10129,Male,42.0,65313.0,Adult,Medium,1
10130,Female,38.0,75024.0,Adult,Medium,1
10131,M,,105319.0,Young,High,1
10132,Male,40.0,57426.0,Adult,Medium,0
10133,Male,23.0,68731.0,Young,Medium,0
10134,male,51.0,37787.0,Senior,Low,0
10135,F,31.0,,Adult,Medium,0
10136,male,150.0,67144.0,Senior,Medium,1
10137,Female,,92500.0,Adult,High,1
10138,female,33.0,58705.0,Adult,Medium,0
10139,M,44.0,59398.0,Adult,Medium,1
10140,F,31.0,54989.0,Adult,Medium,0
10141,F,49.0,51753.0,Adult,Medium,1
10142,male,21.0,72801.0,Young,Medium,0
10143,Female,40.0,27845.0,Adult,Low,0
10144,male,60.0,,Senior,High,1
10145,male,25.0,48040.0,Young,Medium,0
10146,Male,28.0,82995.0,Young,Medium,1
10147,Female,44.0,33492.0,Adult,Low,0
10148,Female,41.0,81761.0,Adult,Medium,1
10149,Male,42.0,82252.0,Adult,Medium,1
10150,male,42.0,74405.0,Adult,Medium,1
10151,F,45.0,,Adult,Low,0
10152,Male,51.0,71044.0,Senior,Medium,1
10153,Male,43.0,35673.0,Adult,Low,0
10154,Female,34.0,59048.0,Adult,Medium,0
10155,F,46.0,91225.0,Adult,High,1
10156,Male,61.0,85312.0,Senior,Medium,1
10157,female,36.0,65145.0,Adult,Medium,0
10158,female,25.0,40342.0,Young,Medium,0
10159,Male,51.0,81232.0,Senior,Medium,1
10160,female,36.0,65623.0,Adult,Medium,1
10161,M,11.0,9982.0,Young,Low,0
10162,Female,48.0,84326.0,Adult,Medium,1
10163,Female,30.0,63960.0,Adult,Medium,0
10164,Female,37.0,95134.0,Adult,High,1
10165,Male,42.0,37250.0,Adult,Low,0
10166,F,40.0,10148.0,Adult,Low,0
10167,male,45.0,72016.0,Adult,Medium,1
10168,Male,31.0,72300.0,Adult,Medium,0
10169,Male,43.0,22443.0,Adult,Low,0
10170,Female,33.0,41024.0,Adult,Medium,0
10171,female,45.0,134366.0,Adult,High,1
10172,Male,44.0,57575.0,Adult,Medium,1
10173,Female,26.0,83025.0,Young,Medium,1
10174,Male,52.0,48270.0,Senior,Medium,1
10175,Female,32.0,12284.0,Adult,Low,0
10176,Male,47.0,60871.0,Adult,Medium,1
10177,female,43.0,999904.0,Adult,High,1
10178,M,59.0,55489.0,Senior,Medium,1
10179,F,34.0,62334.0,Adult,Medium,0
10180,Male,34.0,71151.0,Adult,Medium,1
10181,male,36.0,61200.0,Adult,Medium,0
10182,Male,33.0,33576.0,Adult,Low,0
10183,F,48.0,76958.0,Adult,Medium,1
10184,F,18.0,16479.0,Young,Low,0
10185,male,26.0,13473.0,Young,Low,0
10186,Female,26.0,83223.0,Young,Medium,1
10187,F,50.0,77895.0,Senior,Medium,1
10188,Female,59.0,63824.0,Senior,Medium,1
10189,Female,36.0,499794.0,Adult,High,1
10190,Male,35.0,47640.0,Adult,Medium,0
10191,Male,37.0,58313.0,Adult,Medium,0
10192,F,50.0,,Senior,Low,0
10193,F,27.0,,Young,Medium,0
10194,Female,39.0,80808.0,Adult,Medium,1
10195,male,49.0,,Adult,High,1
10196,male,43.0,54941.0,Adult,Medium,0
10197,female,39.0,83918.0,Adult,Medium,1
10198,F,49.0,17408.0,Adult,Low,0
10199,F,6.0,81889.0,Young,Medium,0
10200,F,45.0,44981.0,Adult,Medium,0
10201,Female,30.0,72212.0,Adult,Medium,1
10202,Male,16.0,58932.0,Young,Medium,0
10203,Male,44.0,98029.0,Adult,High,1
10204,F,54.0,43519.0,Senior,Medium,1
10205,Female,35.0,80464.0,Adult,Medium,1
10206,Male,50.0,58003.0,Senior,Medium,1
10207,Male,57.0,61368.0,Senior,Medium,1
10208,Female,53.0,60853.0,Senior,Medium,1
10209,Male,58.0,44283.0,Senior,Medium,1
10210,Male,47.0,64993.0,Adult,Medium,1
10211,Female,38.0,62968.0,Adult,Medium,0
10212,female,18.0,70841.0,Young,Medium,0
10213,Female,36.0,66655.0,Adult,Medium,1
10214,Male,27.0,84603.0,Young,Medium,1
10215,female,64.0,,Senior,Medium,1
10216,Male,34.0,38823.0,Adult,Low,0
10217,male,40.0,86831.0,Adult,Medium,1
10218,female,43.0,35278.0,Adult,Low,0
10219,Female,37.0,79627.0,Adult,Medium,1
10220,F,59.0,80534.0,Senior,Medium,1
10221,Female,29.0,16755.0,Young,Low,0
10222,Female,40.0,67062.0,Adult,Medium,1
10223,Male,28.0,52799.0,Young,Medium,0
10224,M,23.0,45651.0,Young,Medium,0
10225,male,30.0,98414.0,Adult,High,1
10226,Male,,48841.0,Adult,Medium,0
10227,F,32.0,44794.0,Adult,Medium,0
10228,M,29.0,66759.0,Young,Medium,0
10229,F,20.0,82397.0,Young,Medium,0
10230,Female,36.0,61204.0,Adult,Medium,0
10231,F,19.0,94581.0,Young,High,1
10232,Female,48.0,77818.0,Adult,Medium,1
10233,Female,38.0,10808.0,Adult,Low,0
10234,Female,19.0,51637.0,Young,Medium,0
10235,Male,34.0,50743.0,Adult,Medium,0
10236,female,27.0,76690.0,Young,Medium,0
10237,male,41.0,10423.0,Adult,Low,0
10238,Male,55.0,129219.0,Senior,High,1
10239,Female,15.0,78293.0,Young,Medium,0
10240,Male,40.0,69178.0,Adult,Medium,1
10241,F,37.0,749741.0,Adult,High,1
10242,F,46.0,123712.0,Adult,High,1
10243,F,41.0,86381.0,Adult,Medium,1
10244,M,29.0,89038.0,Young,Medium,1
10245,Male,33.0,68068.0,Adult,Medium,0
10246,F,27.0,61236.0,Young,Medium,0
10247,Female,,52700.0,Senior,Medium,1
10248,F,38.0,44140.0,Adult,Medium,0
10249,F,61.0,48024.0,Senior,Medium,1
10250,F,37.0,31095.0,Adult,Low,0
10251,male,28.0,62890.0,Young,Medium,0
10252,M,19.0,22536.0,Young,Low,0
10253,F,17.0,69841.0,Young,Medium,0
10254,male,19.0,64013.0,Young,Medium,0
10255,Male,42.0,69088.0,Adult,Medium,1
10256,Female,45.0,52295.0,Adult,Medium,0
10257,F,20.0,141470.0,Young,High,1
10258,female,48.0,98708.0,Adult,High,1
10259,Female,33.0,33949.0,Adult,Low,0
10260,Male,38.0,71174.0,Adult,Medium,1
10261,Female,58.0,50181.0,Senior,Medium,1
10262,F,48.0,39799.0,Adult,Low,0
10263,Male,35.0,31562.0,Adult,Low,0
10264,Female,28.0,75517.0,Young,Medium,0
10265,F,12.0,47530.0,Young,Medium,0
10266,female,30.0,88926.0,Adult,Medium,1
10267,female,35.0,,Adult,High,1
10268,female,27.0,99657.0,Young,High,1
10269,M,35.0,44039.0,Adult,Medium,0
10270,male,39.0,77046.0,Adult,Medium,1
10271,F,,,Adult,Medium,1
10272,F,29.0,52964.0,Young,Medium,0
10273,F,,45971.0,Adult,Medium,0
10274,F,44.0,,Adult,High,1
10275,Female,23.0,70323.0,Young,Medium,0
10276,Female,54.0,81279.0,Senior,Medium,1
10277,F,35.0,44594.0,Adult,Medium,0
10278,Female,,34953.0,Adult,Low,0
10279,female,46.0,50828.0,Adult,Medium,0
10280,F,39.0,61463.0,Adult,Medium,0
10281,F,49.0,38407.0,Adult,Low,0
10282,male,40.0,64384.0,Adult,Medium,1
10283,M,29.0,22620.0,Young,Low,0
10284,Male,41.0,36529.0,Adult,Low,0
10285,Female,25.0,82139.0,Young,Medium,1
10286,Male,,80491.0,Adult,Medium,1
10287,Female,37.0,55574.0,Adult,Medium,0
10288,Female,34.0,39552.0,Adult,Low,0
10289,male,36.0,39056.0,Adult,Low,0
10290,Female,16.0,55359.0,Young,Medium,0
10291,Male,32.0,80753.0,Adult,Medium,1
10292,Male,40.0,88365.0,Adult,Medium,1
10293,F,40.0,52686.0,Adult,Medium,0
10294,M,25.0,36222.0,Young,Low,0
10295,Male,52.0,71843.0,Senior,Medium,1
10296,Female,27.0,44898.0,Young,Medium,0
10297,female,48.0,51733.0,Adult,Medium,0
10298,Male,44.0,98572.0,Adult,High,1
10299,Female,,,Young,Medium,1
10300,Male,,69047.0,Senior,Medium,1
10301,Male,23.0,33117.0,Young,Low,0
10302,Female,48.0,70303.0,Adult,Medium,1
10303,Female,50.0,-500.0,Senior,Low,0
10304,Female,30.0,55977.0,Adult,Medium,0
10305,female,54.0,98292.0,Senior,High,1
10306,F,35.0,97625.0,Adult,High,1
10307,Female,42.0,106198.0,Adult,High,1
10308,male,42.0,72413.0,Adult,Medium,1
10309,F,36.0,79287.0,Adult,Medium,1
10310,male,47.0,-1200.0,Adult,Low,0
10311,Female,46.0,,Adult,Medium,1
10312,Male,16.0,52003.0,Young,Medium,0
10313,Male,53.0,-1200.0,Senior,Low,0
10314,F,18.0,70770.0,Young,Medium,0
10315,F,50.0,33145.0,Senior,Low,0
10316,female,51.0,,Senior,Medium,1
10317,M,25.0,91965.0,Young,High,1
10318,Male,34.0,10576.0,Adult,Low,0
10319,Male,25.0,102942.0,Young,High,1
10320,male,35.0,93174.0,Adult,High,1
10321,Female,35.0,53838.0,Adult,Medium,0
10322,female,48.0,78452.0,Adult,Medium,1
10323,Female,52.0,,Senior,Medium,1
10324,male,53.0,95279.0,Senior,High,1
10325,F,32.0,89895.0,Adult,Medium,1
10326,female,,30201.0,Adult,Low,0
10327,Female,18.0,80049.0,Young,Medium,0
10328,Female,120.0,59719.0,Senior,Medium,1
10329,M,48.0,-500.0,Adult,Low,0
10330,Male,56.0,46904.0,Senior,Medium,1
10331,M,22.0,108236.0,Young,High,1
10332,female,31.0,90743.0,Adult,High,1
10333,Male,,46955.0,Adult,Medium,0
10334,Male,,31192.0,Adult,Low,0
10335,Male,27.0,55628.0,Young,Medium,0
10336,Male,43.0,75890.0,Adult,Medium,1
10337,F,33.0,70582.0,Adult,Medium,1
10338,female,38.0,96545.0,Adult,High,1
10339,Female,43.0,84548.0,Adult,Medium,1
10340,Male,37.0,89416.0,Adult,Medium,1
10341,Female,-23.0,73473.0,Young,Medium,0
10342,Female,35.0,30663.0,Adult,Low,0
10343,Male,36.0,59718.0,Adult,Medium,0
10344,Female,32.0,91414.0,Adult,High,1
10345,M,33.0,64110.0,Adult,Medium,0
10346,Female,56.0,-300.0,Senior,Low,0
10347,Female,45.0,57395.0,Adult,Medium,1
10348,Male,34.0,38898.0,Adult,Low,0
10349,M,46.0,62083.0,Adult,Medium,1
10350,Female,34.0,72915.0,Adult,Medium,1
10351,Female,53.0,48964.0,Senior,Medium,1
10352,F,43.0,59254.0,Adult,Medium,1
10353,Female,36.0,41942.0,Adult,Medium,0
10354,Male,42.0,93307.0,Adult,High,1
10355,Male,20.0,57155.0,Young,Medium,0
10356,Female,25.0,101168.0,Young,High,1
10357,Male,24.0,103672.0,Young,High,1
10358,Female,38.0,62627.0,Adult,Medium,0
10359,F,57.0,40071.0,Senior,Medium,0
10360,Female,65.0,12857.0,Senior,Low,0
10361,M,44.0,28476.0,Adult,Low,0
10362,Female,45.0,30513.0,Adult,Low,0
10363,Female,15.0,99292.0,Young,High,1
10364,Female,31.0,68312.0,Adult,Medium,0
10365,F,28.0,74767.0,Young,Medium,0
10366,M,29.0,9511.0,Young,Low,0
10367,F,35.0,34624.0,Adult,Low,0
10368,F,32.0,86887.0,Adult,Medium,1
10369,Male,14.0,72359.0,Young,Medium,0
10370,Male,47.0,61459.0,Adult,Medium,1
10371,Male,24.0,78903.0,Young,Medium,0
10372,Male,39.0,105588.0,Adult,High,1
10373,Male,61.0,59752.0,Senior,Medium,1
10374,female,26.0,66263.0,Young,Medium,0
10375,Male,8.0,69322.0,Young,Medium,0
10376,male,33.0,,Adult,High,1
10377,F,51.0,12460.0,Senior,Low,0
10378,Male,62.0,81889.0,Senior,Medium,1
10379,F,24.0,62305.0,Young,Medium,0
10380,male,42.0,79373.0,Adult,Medium,1
10381,Male,31.0,48490.0,Adult,Medium,0
10382,female,36.0,64091.0,Adult,Medium,0
10383,Female,68.0,83056.0,Senior,Medium,1
10384,F,19.0,143025.0,Young,High,1
10385,female,42.0,85290.0,Adult,Medium,1
10386,F,44.0,43988.0,Adult,Medium,0
10387,male,52.0,53996.0,Senior,Medium,1
10388,Male,40.0,,Adult,Medium,0
10389,female,40.0,20051.0,Adult,Low,0
10390,F,32.0,,Adult,Medium,0
10391,F,41.0,82898.0,Adult,Medium,1
10392,M,33.0,33118.0,Adult,Low,0
10393,M,45.0,91638.0,Adult,High,1
10394,F,33.0,76796.0,Adult,Medium,1
10395,male,42.0,46766.0,Adult,Medium,0
10396,F,38.0,61416.0,Adult,Medium,0
10397,F,52.0,105447.0,Senior,High,1
10398,Female,38.0,83151.0,Adult,Medium,1
10399,female,16.0,64965.0,Young,Medium,0
10400,female,54.0,58790.0,Senior,Medium,1
10401,Male,28.0,67008.0,Young,Medium,0
10402,F,31.0,52348.0,Adult,Medium,0
10403,Female,31.0,12115.0,Adult,Low,0
10404,F,53.0,116343.0,Senior,High,1
10405,male,12.0,68769.0,Young,Medium,0
10406,F,75.0,75299.0,Senior,Medium,1
10407,M,49.0,63662.0,Adult,Medium,1
10408,Male,41.0,47064.0,Adult,Medium,0
10409,F,38.0,59888.0,Adult,Medium,0
10410,Male,42.0,,Adult,Low,0
10411,male,44.0,,Adult,High,1
10412,F,45.0,34580.0,Adult,Low,0
10413,F,44.0,39148.0,Adult,Low,0
10414,Female,39.0,53609.0,Adult,Medium,0
10415,Female,35.0,96941.0,Adult,High,1
10416,Female,35.0,64887.0,Adult,Medium,1
10417,male,35.0,34243.0,Adult,Low,0
10418,male,52.0,96419.0,Senior,High,1
10419,female,45.0,83750.0,Adult,Medium,1
10420,female,1.0,78765.0,Young,Medium,0
10421,F,46.0,83298.0,Adult,Medium,1
10422,F,39.0,,Adult,High,1
10423,Male,38.0,119931.0,Adult,High,1
10424,Female,33.0,47485.0,Adult,Medium,0
10425,Male,50.0,105828.0,Senior,High,1
10426,Female,50.0,74730.0,Senior,Medium,1
10427,Female,,77444.0,Young,Medium,0
10428,F,43.0,22241.0,Adult,Low,0
10429,M,25.0,,Young,Medium,0
10430,Male,20.0,44224.0,Young,Medium,0
10431,Male,29.0,85875.0,Young,Medium,1
10432,female,47.0,91561.0,Adult,High,1
10433,Female,49.0,13416.0,Adult,Low,0
10434,Male,45.0,64576.0,Adult,Medium,1
10435,Male,46.0,92627.0,Adult,High,1
10436,female,43.0,59876.0,Adult,Medium,1
10437,Male,31.0,-45000.0,Adult,Low,0
10438,F,42.0,74048.0,Adult,Medium,1
10439,female,47.0,73995.0,Adult,Medium,1
10440,Male,,57989.0,Adult,Medium,1
10441,Male,52.0,34478.0,Senior,Low,0
10442,F,47.0,37246.0,Adult,Low,0
10443,M,43.0,83022.0,Adult,Medium,1
10444,M,49.0,65580.0,Adult,Medium,1
10445,F,38.0,-1200.0,Adult,Low,0
10446,F,,54466.0,Young,Medium,0
10447,F,36.0,56870.0,Adult,Medium,0
10448,female,28.0,90887.0,Young,High,1
10449,M,29.0,56434.0,Young,Medium,0
10450,Male,35.0,31200.0,Adult,Low,0
10451,F,27.0,999972.0,Young,High,1
10452,Female,35.0,59861.0,Adult,Medium,0
10453,Female,15.0,66049.0,Young,Medium,0
10454,F,41.0,105359.0,Adult,High,1
10455,Male,39.0,64271.0,Adult,Medium,1
10456,Female,29.0,72239.0,Young,Medium,0
10457,Male,44.0,35603.0,Adult,Low,0
10458,Female,49.0,59922.0,Adult,Medium,1
10459,Male,18.0,80558.0,Young,Medium,0
10460,Male,29.0,,Young,Low,0
10461,Male,27.0,69978.0,Young,Medium,0
10462,Female,26.0,67113.0,Young,Medium,0
10463,female,47.0,66024.0,Adult,Medium,1
10464,Female,36.0,91192.0,Adult,High,1
10465,F,33.0,73009.0,Adult,Medium,1
10466,M,14.0,101473.0,Young,High,1
10467,male,45.0,40415.0,Adult,Medium,0
10468,F,22.0,68112.0,Young,Medium,0
10469,Male,39.0,67009.0,Adult,Medium,1
10470,F,41.0,38177.0,Adult,Low,0
10471,Male,55.0,,Senior,Medium,1
10472,F,23.0,123470.0,Young,High,1
10473,Male,2.0,64221.0,Young,Medium,0
10474,F,39.0,77505.0,Adult,Medium,1
10475,Female,59.0,66720.0,Senior,Medium,1
10476,F,52.0,47211.0,Senior,Medium,1
10477,Male,40.0,19100.0,Adult,Low,0
10478,Female,32.0,47149.0,Adult,Medium,0
10479,F,46.0,29820.0,Adult,Low,0
10480,Female,27.0,107557.0,Young,High,1
10481,Female,43.0,62151.0,Adult,Medium,1
10482,female,43.0,56020.0,Adult,Medium,0
10483,Female,51.0,87437.0,Senior,Medium,1
10484,Female,70.0,37378.0,Senior,Low,0
10485,Female,41.0,46323.0,Adult,Medium,0
10486,F,31.0,66343.0,Adult,Medium,0
10487,Male,37.0,90255.0,Adult,High,1
10488,male,17.0,77739.0,Young,Medium,0
10489,F,30.0,70968.0,Adult,Medium,0
10490,F,33.0,66682.0,Adult,Medium,0
10491,Female,30.0,74758.0,Adult,Medium,0
10492,Female,39.0,69869.0,Adult,Medium,1
10493,male,29.0,39652.0,Young,Low,0
10494,Male,50.0,65947.0,Senior,Medium,1
10495,Female,37.0,38636.0,Adult,Low,0
10496,M,36.0,66536.0,Adult,Medium,1
10497,Female,34.0,52928.0,Adult,Medium,0
10498,Male,39.0,128905.0,Adult,High,1
10499,F,48.0,64337.0,Adult,Medium,1
10500,F,26.0,29623.0,Young,Low,0
10501,female,29.0,61680.0,Young,Medium,0
10502,Female,34.0,-45000.0,Adult,Low,0
10503,male,22.0,106758.0,Young,High,1
10504,F,29.0,49955.0,Young,Medium,0
10505,female,31.0,25339.0,Adult,Low,0
10506,Male,150.0,-8000.0,Senior,Low,0
10507,F,40.0,,Adult,Low,0
10508,F,40.0,500422.0,Adult,High,1
10509,F,49.0,58321.0,Adult,Medium,1
10510,female,35.0,63087.0,Adult,Medium,0
10511,Female,41.0,82091.0,Adult,Medium,1
10512,M,199.0,48275.0,Senior,Medium,1
10513,F,42.0,58033.0,Adult,Medium,1
10514,F,30.0,64922.0,Adult,Medium,0
10515,Male,9.0,68579.0,Young,Medium,0
10516,Male,,67203.0,Adult,Medium,1
10517,M,56.0,,Senior,Medium,1
10518,F,49.0,85679.0,Adult,Medium,1
10519,F,50.0,74836.0,Senior,Medium,1
10520,Male,53.0,76639.0,Senior,Medium,1
10521,Female,38.0,25757.0,Adult,Low,0
10522,M,41.0,66325.0,Adult,Medium,1
10523,F,29.0,76794.0,Young,Medium,1
10524,F,34.0,82984.0,Adult,Medium,1
10525,F,45.0,48088.0,Adult,Medium,0
10526,Female,51.0,48820.0,Senior,Medium,1
10527,M,36.0,50777.0,Adult,Medium,0
10528,male,33.0,78589.0,Adult,Medium,1
10529,Male,,91211.0,Adult,High,1
10530,F,44.0,55013.0,Adult,Medium,0
10531,F,19.0,87650.0,Young,Medium,0
10532,F,10.0,67836.0,Young,Medium,0
10533,F,31.0,61715.0,Adult,Medium,0
10534,Female,24.0,60139.0,Young,Medium,0
10535,female,32.0,83393.0,Adult,Medium,1
10536,F,,73340.0,Adult,Medium,1
10537,F,33.0,122222.0,Adult,High,1
10538,Male,-5.0,43829.0,Young,Medium,0
10539,Female,42.0,78047.0,Adult,Medium,1
10540,Male,41.0,51565.0,Adult,Medium,0
10541,F,46.0,43493.0,Adult,Medium,0
10542,Female,24.0,,Young,Medium,0
10543,Male,50.0,68910.0,Senior,Medium,1
10544,female,38.0,138078.0,Adult,High,1
10545,Female,47.0,60112.0,Adult,Medium,1
10546,M,25.0,37077.0,Young,Low,0
10547,Male,18.0,71570.0,Young,Medium,0
10548,female,48.0,13080.0,Adult,Low,0
10549,Female,42.0,63047.0,Adult,Medium,1
10550,F,28.0,,Young,Medium,0
10551,Female,28.0,85358.0,Young,Medium,1
10552,F,52.0,,Senior,Medium,1
10553,Female,24.0,,Young,Medium,0
10554,Female,58.0,61619.0,Senior,Medium,1
10555,F,26.0,45382.0,Young,Medium,0
10556,M,44.0,36873.0,Adult,Low,0
10557,Male,33.0,72977.0,Adult,Medium,1
10558,Male,45.0,33001.0,Adult,Low,0
10559,female,30.0,54522.0,Adult,Medium,0
10560,Female,35.0,39653.0,Adult,Low,0
10561,female,,78280.0,Adult,Medium,1
10562,Male,24.0,110113.0,Young,High,1
10563,Male,47.0,32168.0,Adult,Low,0
10564,Male,30.0,19003.0,Adult,Low,0
10565,M,34.0,62232.0,Adult,Medium,0
10566,Female,,65043.0,Young,Medium,0
10567,M,8.0,70864.0,Young,Medium,0
10568,Female,36.0,53705.0,Adult,Medium,0
10569,F,67.0,59682.0,Senior,Medium,1
10570,male,48.0,74287.0,Adult,Medium,1
10571,Female,37.0,91269.0,Adult,High,1
10572,F,35.0,16457.0,Adult,Low,0
10573,M,39.0,55354.0,Adult,Medium,0
10574,Female,45.0,70321.0,Adult,Medium,1
10575,F,24.0,41983.0,Young,Medium,0
10576,F,51.0,108575.0,Senior,High,1
10577,Male,,49455.0,Adult,Medium,0
10578,F,45.0,63498.0,Adult,Medium,1
10579,Female,44.0,78486.0,Adult,Medium,1
10580,male,39.0,50267.0,Adult,Medium,0
10581,Female,47.0,18727.0,Adult,Low,0
10582,F,44.0,54395.0,Adult,Medium,0
10583,Female,32.0,90479.0,Adult,High,1
10584,male,32.0,56308.0,Adult,Medium,0
10585,Female,38.0,44248.0,Adult,Medium,0
10586,Male,56.0,88220.0,Senior,Medium,1
10587,Male,24.0,56421.0,Young,Medium,0
10588,Male,21.0,52660.0,Young,Medium,0
10589,Male,39.0,68775.0,Adult,Medium,1
10590,Male,38.0,84037.0,Adult,Medium,1
10591,Male,39.0,124981.0,Adult,High,1
10592,Female,40.0,85917.0,Adult,Medium,1
10593,Male,36.0,93571.0,Adult,High,1
10594,male,54.0,52584.0,Senior,Medium,1
10595,F,18.0,,Young,Low,0
10596,Female,27.0,66941.0,Young,Medium,0
10597,Female,35.0,67345.0,Adult,Medium,0
10598,Male,17.0,37820.0,Young,Low,0
10599,Male,34.0,60820.0,Adult,Medium,0
10600,Male,57.0,74570.0,Senior,Medium,1
10601,Male,39.0,74052.0,Adult,Medium,1
10602,male,41.0,77755.0,Adult,Medium,1
10603,Male,22.0,71929.0,Young,Medium,0
10604,Male,31.0,52073.0,Adult,Medium,0
10605,Male,32.0,51746.0,Adult,Medium,0
10606,Female,33.0,34542.0,Adult,Low,0
10607,Male,52.0,109235.0,Senior,High,1
10608,M,44.0,65818.0,Adult,Medium,1
10609,Female,23.0,59210.0,Young,Medium,0
10610,female,39.0,42102.0,Adult,Medium,0
10611,Male,43.0,,Adult,High,1
10612,F,50.0,37745.0,Senior,Low,0
10613,Female,55.0,54423.0,Senior,Medium,1
10614,Male,26.0,75326.0,Young,Medium,0
10615,F,28.0,79707.0,Young,Medium,1
10616,F,21.0,88563.0,Young,Medium,0
10617,Male,,110652.0,Adult,High,1
10618,male,42.0,77372.0,Adult,Medium,1
10619,F,48.0,38351.0,Adult,Low,0
10620,female,38.0,58244.0,Adult,Medium,0
10621,Male,35.0,73041.0,Adult,Medium,1
10622,Male,40.0,116520.0,Adult,High,1
10623,M,28.0,,Young,Low,0
10624,Female,63.0,95373.0,Senior,High,1
10625,Female,17.0,69368.0,Young,Medium,0
10626,M,41.0,86204.0,Adult,Medium,1
10627,Female,61.0,62826.0,Senior,Medium,1
10628,female,38.0,44415.0,Adult,Medium,0
10629,Male,34.0,83853.0,Adult,Medium,1
10630,male,32.0,81015.0,Adult,Medium,1
10631,female,,,Adult,Medium,1
10632,F,,64179.0,Senior,Medium,1
10633,Female,,50011.0,Young,Medium,0
10634,Female,55.0,25994.0,Senior,Low,0
10635,Male,21.0,,Young,Medium,1
10636,Female,35.0,,Adult,Medium,1
10637,Female,,40574.0,Young,Medium,0
10638,Male,45.0,51049.0,Adult,Medium,0
10639,male,17.0,,Young,Medium,0
10640,M,44.0,27541.0,Adult,Low,0
10641,Male,,44387.0,Senior,Medium,1
10642,male,21.0,36209.0,Young,Low,0
10643,Male,39.0,54538.0,Adult,Medium,0
10644,male,31.0,46163.0,Adult,Medium,0
10645,Male,119.0,24818.0,Senior,Low,0
10646,F,37.0,115289.0,Adult,High,1
10647,Female,30.0,96120.0,Adult,High,1
10648,female,43.0,45498.0,Adult,Medium,0
10649,F,58.0,72215.0,Senior,Medium,1
10650,Female,34.0,75157.0,Adult,Medium,1
10651,Male,45.0,94449.0,Adult,High,1
10652,Female,22.0,44373.0,Young,Medium,0
10653,Female,26.0,92598.0,Young,High,1
10654,female,42.0,51307.0,Adult,Medium,0
10655,Female,55.0,31923.0,Senior,Low,0
10656,Male,-23.0,82759.0,Young,Medium,0
10657,male,34.0,96918.0,Adult,High,1
10658,M,37.0,129893.0,Adult,High,1
10659,Female,22.0,34683.0,Young,Low,0
10660,Female,46.0,82504.0,Adult,Medium,1
10661,M,49.0,54365.0,Adult,Medium,1
10662,F,33.0,84765.0,Adult,Medium,1
10663,Female,31.0,27874.0,Adult,Low,0
10664,Male,,33162.0,Adult,Low,0
10665,Male,33.0,45434.0,Adult,Medium,0
10666,Male,36.0,67015.0,Adult,Medium,1
10667,Male,62.0,,Senior,Medium,1
10668,Male,34.0,81282.0,Adult,Medium,1
10669,Male,,90332.0,Adult,High,1
10670,male,30.0,79890.0,Adult,Medium,1
10671,Male,47.0,105558.0,Adult,High,1
10672,F,36.0,75172.0,Adult,Medium,1
10673,Male,29.0,-500.0,Young,Low,0
10674,Female,52.0,99116.0,Senior,High,1
10675,M,55.0,50267.0,Senior,Medium,1
10676,F,5.0,87756.0,Young,Medium,0
10677,Male,15.0,104205.0,Young,High,1
10678,M,50.0,76288.0,Senior,Medium,1
10679,F,30.0,27987.0,Adult,Low,0
10680,F,47.0,42198.0,Adult,Medium,0
10681,F,15.0,97603.0,Young,High,1
10682,male,47.0,60573.0,Adult,Medium,1
10683,Male,23.0,66926.0,Young,Medium,0
10684,Female,45.0,84195.0,Adult,Medium,1
10685,F,37.0,81939.0,Adult,Medium,1
10686,Female,27.0,71654.0,Young,Medium,0
10687,Female,33.0,59456.0,Adult,Medium,0
10688,male,,57248.0,Adult,Medium,1
10689,female,38.0,86619.0,Adult,Medium,1
10690,Male,45.0,78588.0,Adult,Medium,1
10691,male,60.0,59067.0,Senior,Medium,1
10692,Female,199.0,,Senior,High,1
10693,Female,57.0,500434.0,Senior,High,1
10694,Male,39.0,43486.0,Adult,Medium,0
10695,Male,27.0,46207.0,Young,Medium,0
10696,Female,23.0,40725.0,Young,Medium,0
10697,male,36.0,57690.0,Adult,Medium,0
10698,Female,48.0,95536.0,Adult,High,1
10699,Male,-1.0,44537.0,Young,Medium,0
10700,Female,55.0,69969.0,Senior,Medium,1
10701,Female,19.0,49006.0,Young,Medium,0
10702,Male,36.0,58747.0,Adult,Medium,0
10703,male,21.0,,Young,Low,0
10704,Male,41.0,59365.0,Adult,Medium,1
10705,Male,48.0,60491.0,Adult,Medium,1
10706,F,33.0,79005.0,Adult,Medium,1
10707,male,6.0,,Young,Medium,0
10708,F,40.0,35215.0,Adult,Low,0
10709,male,43.0,91888.0,Adult,High,1
10710,female,43.0,70643.0,Adult,Medium,1
10711,female,53.0,69879.0,Senior,Medium,1
10712,Female,26.0,64382.0,Young,Medium,0
10713,Female,46.0,51783.0,Adult,Medium,0
10714,M,53.0,70415.0,Senior,Medium,1
10715,male,15.0,77201.0,Young,Medium,0
10716,F,42.0,21354.0,Adult,Low,0
10717,F,31.0,,Adult,Medium,0
10718,F,37.0,58156.0,Adult,Medium,0
10719,Male,41.0,71065.0,Adult,Medium,1
10720,female,33.0,95149.0,Adult,High,1
10721,F,30.0,45910.0,Adult,Medium,0
10722,Male,37.0,52771.0,Adult,Medium,0
10723,Male,24.0,52063.0,Young,Medium,0
10724,female,24.0,44906.0,Young,Medium,0
10725,Female,47.0,56563.0,Adult,Medium,1
10726,F,25.0,84196.0,Young,Medium,1
10727,Male,46.0,38849.0,Adult,Low,0
10728,F,44.0,75698.0,Adult,Medium,1
10729,Male,18.0,22478.0,Young,Low,0
10730,Male,29.0,51409.0,Young,Medium,0
10731,Male,52.0,57078.0,Senior,Medium,1
10732,F,26.0,107091.0,Young,High,1
10733,Female,32.0,58312.0,Adult,Medium,0
10734,Female,,10277.0,Adult,Low,0
10735,M,47.0,15058.0,Adult,Low,0
10736,F,33.0,65931.0,Adult,Medium,0
10737,M,30.0,80363.0,Adult,Medium,1
10738,F,,74826.0,Senior,Medium,1
10739,Female,,68722.0,Senior,Medium,1
10740,M,50.0,94291.0,Senior,High,1
10741,Female,38.0,51700.0,Adult,Medium,0
10742,male,28.0,87629.0,Young,Medium,1
10743,female,28.0,24188.0,Young,Low,0
10744,Female,43.0,42647.0,Adult,Medium,0
10745,Male,42.0,19942.0,Adult,Low,0
10746,F,53.0,58381.0,Senior,Medium,1
10747,M,44.0,63765.0,Adult,Medium,1
10748,Female,18.0,67819.0,Young,Medium,0
10749,F,51.0,66070.0,Senior,Medium,1
10750,Female,26.0,41526.0,Young,Medium,0
10751,Male,32.0,59797.0,Adult,Medium,0
10752,F,42.0,27088.0,Adult,Low,0
10753,Female,60.0,98860.0,Senior,High,1
10754,male,76.0,57712.0,Senior,Medium,1
10755,Male,44.0,52603.0,Adult,Medium,0
10756,F,35.0,105192.0,Adult,High,1
10757,Female,43.0,33628.0,Adult,Low,0
10758,Female,47.0,36854.0,Adult,Low,0
10759,F,34.0,37105.0,Adult,Low,0
10760,F,59.0,63443.0,Senior,Medium,1
10761,Male,39.0,76173.0,Adult,Medium,1
10762,male,43.0,83424.0,Adult,Medium,1
10763,Male,45.0,129719.0,Adult,High,1
10764,female,44.0,9707.0,Adult,Low,0
10765,Male,48.0,79850.0,Adult,Medium,1
10766,Female,30.0,50909.0,Adult,Medium,0
10767,female,30.0,50034.0,Adult,Medium,0
10768,F,23.0,49266.0,Young,Medium,0
10769,male,44.0,42061.0,Adult,Medium,0
10770,F,46.0,106981.0,Adult,High,1
10771,Male,,85659.0,Adult,Medium,1
10772,F,,65710.0,Senior,Medium,1
10773,Male,37.0,98457.0,Adult,High,1
10774,M,,27108.0,Adult,Low,0
10775,F,24.0,31240.0,Young,Low,0
10776,Male,33.0,10606.0,Adult,Low,0
10777,Male,-1.0,47257.0,Young,Medium,0
10778,female,49.0,69323.0,Adult,Medium,1
10779,female,,67694.0,Adult,Medium,1
10780,Female,36.0,68799.0,Adult,Medium,1
10781,female,19.0,29615.0,Young,Low,0
10782,Female,33.0,,Adult,Medium,1
10783,male,48.0,70526.0,Adult,Medium,1
10784,male,45.0,83003.0,Adult,Medium,1
10785,Male,44.0,17818.0,Adult,Low,0
10786,F,38.0,72915.0,Adult,Medium,1
10787,Female,38.0,35656.0,Adult,Low,0
10788,M,30.0,54637.0,Adult,Medium,0
10789,Female,46.0,78210.0,Adult,Medium,1
10790,F,,67399.0,Adult,Medium,1
10791,Male,43.0,43359.0,Adult,Medium,0
10792,Female,30.0,,Adult,Medium,0
10793,Female,12.0,26315.0,Young,Low,0
10794,Female,50.0,93914.0,Senior,High,1
10795,Male,32.0,59587.0,Adult,Medium,0
10796,F,27.0,93288.0,Young,High,1
10797,F,46.0,52198.0,Adult,Medium,0
10798,Female,33.0,51783.0,Adult,Medium,0
10799,female,51.0,45912.0,Senior,Medium,1
10800,F,45.0,86663.0,Adult,Medium,1
10801,female,45.0,47062.0,Adult,Medium,0
10802,Male,22.0,81474.0,Young,Medium,0
10803,Female,53.0,54979.0,Senior,Medium,1
10804,Female,41.0,15870.0,Adult,Low,0
10805,Female,32.0,51138.0,Adult,Medium,0
10806,female,38.0,35513.0,Adult,Low,0
10807,F,17.0,65785.0,Young,Medium,0
10808,F,41.0,35521.0,Adult,Low,0
10809,Female,25.0,87695.0,Young,Medium,1
10810,Male,21.0,62307.0,Young,Medium,0
10811,F,19.0,60745.0,Young,Medium,0
10812,F,51.0,80954.0,Senior,Medium,1
10813,Male,30.0,89587.0,Adult,Medium,1
10814,F,57.0,64707.0,Senior,Medium,1
10815,F,31.0,45427.0,Adult,Medium,0
10816,Female,17.0,20397.0,Young,Low,0
10817,Female,25.0,47558.0,Young,Medium,0
10818,M,53.0,49107.0,Senior,Medium,1
10819,Male,37.0,67427.0,Adult,Medium,1
10820,male,30.0,56513.0,Adult,Medium,0
10821,F,,82623.0,Adult,Medium,1
10822,Male,44.0,49977.0,Adult,Medium,0
10823,male,51.0,63834.0,Senior,Medium,1
10824,M,55.0,95051.0,Senior,High,1
10825,Female,32.0,73457.0,Adult,Medium,1
10826,F,22.0,63944.0,Young,Medium,0
10827,male,33.0,49896.0,Adult,Medium,0
10828,male,40.0,48720.0,Adult,Medium,0
10829,female,27.0,43607.0,Young,Medium,0
10830,Female,25.0,51499.0,Young,Medium,0
10831,Male,42.0,84321.0,Adult,Medium,1
10832,Female,36.0,59107.0,Adult,Medium,0
10833,Male,39.0,31708.0,Adult,Low,0
10834,Male,,109245.0,Young,High,1
10835,Female,36.0,72588.0,Adult,Medium,1
10836,M,27.0,30228.0,Young,Low,0
10837,F,49.0,54131.0,Adult,Medium,1
10838,M,51.0,67622.0,Senior,Medium,1
10839,Female,15.0,749568.0,Young,High,1
10840,Female,26.0,-45000.0,Young,Low,0
10841,Male,19.0,89142.0,Young,Medium,1
10842,Female,30.0,99981.0,Adult,High,1
10843,Male,37.0,49165.0,Adult,Medium,0
10844,F,20.0,57613.0,Young,Medium,0
10845,Male,25.0,39245.0,Young,Low,0
10846,M,26.0,59475.0,Young,Medium,0
10847,Male,40.0,64093.0,Adult,Medium,1
10848,F,38.0,81282.0,Adult,Medium,1
10849,Female,149.0,91844.0,Senior,High,1
10850,Female,41.0,46460.0,Adult,Medium,0
10851,Male,,15739.0,Adult,Low,0
10852,female,35.0,64636.0,Adult,Medium,0
10853,Male,59.0,72658.0,Senior,Medium,1
10854,F,54.0,71099.0,Senior,Medium,1
10855,Male,21.0,56482.0,Young,Medium,0
10856,Male,46.0,68457.0,Adult,Medium,1
10857,Male,46.0,102656.0,Adult,High,1
10858,Female,25.0,74923.0,Young,Medium,0
10859,Female,46.0,55745.0,Adult,Medium,1
10860,Male,-12.0,52110.0,Young,Medium,0
10861,F,23.0,60956.0,Young,Medium,0
10862,Female,25.0,105933.0,Young,High,1
10863,Female,50.0,60503.0,Senior,Medium,1
10864,Female,40.0,64918.0,Adult,Medium,1
10865,M,44.0,53251.0,Adult,Medium,0
10866,Female,42.0,92214.0,Adult,High,1
10867,Male,,113524.0,Adult,High,1
10868,Male,21.0,75907.0,Young,Medium,0
10869,F,49.0,-8000.0,Adult,Low,0
10870,F,51.0,66113.0,Senior,Medium,1
10871,M,35.0,10448.0,Adult,Low,0
10872,male,36.0,83143.0,Adult,Medium,1
10873,Female,20.0,67964.0,Young,Medium,0
10874,M,45.0,76079.0,Adult,Medium,1
10875,Male,43.0,47425.0,Adult,Medium,0
10876,Male,37.0,54994.0,Adult,Medium,0
10877,female,52.0,54602.0,Senior,Medium,1
10878,Female,34.0,90201.0,Adult,High,1
10879,Male,44.0,55313.0,Adult,Medium,1
10880,Male,26.0,116834.0,Young,High,1
10881,Male,37.0,75754.0,Adult,Medium,1
10882,female,36.0,33273.0,Adult,Low,0
10883,Male,40.0,61358.0,Adult,Medium,0
10884,Male,34.0,48404.0,Adult,Medium,0
10885,F,35.0,749742.0,Adult,High,1
10886,Male,48.0,105083.0,Adult,High,1
10887,Female,33.0,82876.0,Adult,Medium,1
10888,Male,17.0,78088.0,Young,Medium,0
10889,Male,,69432.0,Senior,Medium,1
10890,Male,53.0,30097.0,Senior,Low,0
10891,female,,53275.0,Young,Medium,0
10892,F,46.0,,Adult,Medium,1
10893,F,31.0,39206.0,Adult,Low,0
10894,M,42.0,9915.0,Adult,Low,0
10895,Female,42.0,59247.0,Adult,Medium,0
10896,Male,36.0,61952.0,Adult,Medium,0
10897,male,28.0,,Young,Medium,0
10898,F,30.0,82928.0,Adult,Medium,1
10899,Male,28.0,81367.0,Young,Medium,1
10900,Male,28.0,71835.0,Young,Medium,0
10901,Male,38.0,749585.0,Adult,High,1
10902,Male,29.0,26740.0,Young,Low,0
10903,Male,46.0,77536.0,Adult,Medium,1
10904,Female,54.0,80482.0,Senior,Medium,1
10905,Female,,33627.0,Adult,Low,0
10906,F,40.0,27853.0,Adult,Low,0
10907,F,43.0,46809.0,Adult,Medium,0
10908,male,42.0,48842.0,Adult,Medium,0
10909,male,,84326.0,Adult,Medium,1
10910,M,47.0,49550.0,Adult,Medium,0
10911,Female,44.0,43689.0,Adult,Medium,0
10912,male,23.0,49248.0,Young,Medium,0
10913,Female,47.0,92625.0,Adult,High,1
10914,M,49.0,65528.0,Adult,Medium,1
10915,Female,27.0,60554.0,Young,Medium,0
10916,Female,37.0,62168.0,Adult,Medium,0
10917,male,46.0,97464.0,Adult,High,1
10918,F,36.0,45864.0,Adult,Medium,0
10919,female,49.0,97828.0,Adult,High,1
10920,Male,66.0,70696.0,Senior,Medium,1
10921,F,28.0,61046.0,Young,Medium,0
10922,Female,21.0,127994.0,Young,High,1
10923,F,42.0,-500.0,Adult,Low,0
10924,F,47.0,56639.0,Adult,Medium,1
10925,Female,35.0,34154.0,Adult,Low,0
10926,Male,56.0,88598.0,Senior,Medium,1
10927,male,22.0,107593.0,Young,High,1
10928,Female,45.0,106923.0,Adult,High,1
10929,Female,30.0,95509.0,Adult,High,1
10930,male,58.0,59958.0,Senior,Medium,1
10931,Male,62.0,55895.0,Senior,Medium,1
10932,F,28.0,22737.0,Young,Low,0
10933,F,31.0,115531.0,Adult,High,1
10934,Female,48.0,76687.0,Adult,Medium,1
10935,Male,34.0,,Adult,Medium,0
10936,male,38.0,97948.0,Adult,High,1
10937,Male,39.0,41022.0,Adult,Medium,0
10938,F,13.0,75374.0,Young,Medium,0
10939,Male,37.0,60184.0,Adult,Medium,0
10940,Female,28.0,81167.0,Young,Medium,1
10941,male,33.0,63290.0,Adult,Medium,0
10942,Female,54.0,28734.0,Senior,Low,0
10943,Female,22.0,66848.0,Young,Medium,0
10944,F,47.0,91225.0,Adult,High,1
10945,Male,35.0,64574.0,Adult,Medium,0
10946,Male,35.0,84352.0,Adult,Medium,1
10947,Male,46.0,38917.0,Adult,Low,0
10948,F,43.0,64796.0,Adult,Medium,1
10949,F,43.0,49735.0,Adult,Medium,0
10950,Female,49.0,84070.0,Adult,Medium,1
10951,Female,34.0,65318.0,Adult,Medium,0
10952,Female,30.0,82654.0,Adult,Medium,1
10953,Male,24.0,91809.0,Young,High,1
10954,F,28.0,82597.0,Young,Medium,1
10955,M,72.0,71510.0,Senior,Medium,1
10956,M,52.0,39734.0,Senior,Low,0
10957,Female,20.0,65176.0,Young,Medium,0
10958,Male,22.0,51921.0,Young,Medium,0
10959,Male,42.0,56625.0,Adult,Medium,1
10960,female,43.0,55209.0,Adult,Medium,0
10961,Male,43.0,40623.0,Adult,Medium,0
10962,Female,35.0,15668.0,Adult,Low,0
10963,Male,35.0,48666.0,Adult,Medium,0
10964,M,40.0,69919.0,Adult,Medium,1
10965,male,39.0,31214.0,Adult,Low,0
10966,M,10.0,65364.0,Young,Medium,0
10967,female,34.0,112769.0,Adult,High,1
10968,male,28.0,90189.0,Young,High,1
10969,Female,40.0,105966.0,Adult,High,1
10970,Female,74.0,74590.0,Senior,Medium,1
10971,Female,43.0,94016.0,Adult,High,1
10972,F,35.0,46738.0,Adult,Medium,0
10973,female,48.0,48628.0,Adult,Medium,1
10974,Male,44.0,9672.0,Adult,Low,0
10975,Male,44.0,94231.0,Adult,High,1
10976,male,45.0,103471.0,Adult,High,1
10977,Female,62.0,51567.0,Senior,Medium,1
10978,Male,-12.0,,Young,Medium,0
10979,Female,,46616.0,Adult,Medium,0
10980,Female,27.0,74566.0,Young,Medium,0
10981,male,44.0,93184.0,Adult,High,1
10982,F,25.0,21214.0,Young,Low,0
10983,Male,33.0,74957.0,Adult,Medium,1
10984,Male,34.0,58175.0,Adult,Medium,0
10985,female,50.0,67599.0,Senior,Medium,1
10986,Female,49.0,76640.0,Adult,Medium,1
10987,female,,60166.0,Young,Medium,0
10988,Female,38.0,62142.0,Adult,Medium,0
10989,Male,28.0,60063.0,Young,Medium,0
10990,F,22.0,89584.0,Young,Medium,1
10991,F,36.0,75203.0,Adult,Medium,1
10992,female,35.0,70684.0,Adult,Medium,1
10993,male,66.0,33642.0,Senior,Low,0
10994,Female,,55862.0,Adult,Medium,0
10995,M,20.0,87728.0,Young,Medium,0
10996,Male,32.0,65755.0,Adult,Medium,0
10997,F,51.0,81924.0,Senior,Medium,1
10998,Male,62.0,109603.0,Senior,High,1
10999,F,19.0,-500.0,Young,Low,0
11000,Female,16.0,67207.0,Young,Medium,0
11001,Male,59.0,52518.0,Senior,Medium,1
11002,Female,42.0,10113.0,Adult,Low,0
11003,F,26.0,60852.0,Young,Medium,0
11004,female,45.0,56768.0,Adult,Medium,1
11005,F,6.0,74310.0,Young,Medium,0
11006,Female,38.0,61372.0,Adult,Medium,0
11007,female,41.0,57308.0,Adult,Medium,0
11008,F,48.0,20657.0,Adult,Low,0
11009,Male,25.0,41508.0,Young,Medium,0
11010,Female,39.0,77197.0,Adult,Medium,1
11011,Male,26.0,108341.0,Young,High,1
11012,F,42.0,62265.0,Adult,Medium,1
11013,F,149.0,,Senior,Medium,1
11014,Male,32.0,89041.0,Adult,Medium,1
11015,female,27.0,,Young,Medium,0
11016,F,45.0,73854.0,Adult,Medium,1
11017,Male,49.0,46131.0,Adult,Medium,0
11018,Female,36.0,86809.0,Adult,Medium,1
11019,F,38.0,,Adult,Medium,1
11020,Male,20.0,71974.0,Young,Medium,0
11021,female,,-8000.0,Adult,Low,0
11022,male,37.0,82361.0,Adult,Medium,1
11023,F,70.0,116953.0,Senior,High,1
11024,F,25.0,39560.0,Young,Low,0
11025,F,55.0,56871.0,Senior,Medium,1
11026,Female,,70329.0,Adult,Medium,1
11027,F,42.0,84760.0,Adult,Medium,1
11028,F,59.0,51147.0,Senior,Medium,1
11029,male,41.0,10461.0,Adult,Low,0
11030,F,41.0,98896.0,Adult,High,1
11031,Male,38.0,84497.0,Adult,Medium,1
11032,Female,53.0,,Senior,Low,0
11033,Male,50.0,49318.0,Senior,Medium,1
11034,Male,29.0,104053.0,Young,High,1
11035,Male,21.0,100777.0,Young,High,1
11036,female,35.0,-500.0,Adult,Low,0
11037,male,29.0,61085.0,Young,Medium,0
11038,female,36.0,67366.0,Adult,Medium,1
11039,Male,53.0,61583.0,Senior,Medium,1
11040,male,33.0,93082.0,Adult,High,1
11041,Female,38.0,42774.0,Adult,Medium,0
11042,F,37.0,44379.0,Adult,Medium,0
11043,male,48.0,90148.0,Adult,High,1
11044,Female,10.0,63492.0,Young,Medium,0
11045,F,31.0,99662.0,Adult,High,1
11046,Female,39.0,47947.0,Adult,Medium,0
11047,Male,51.0,63539.0,Senior,Medium,1
11048,Male,33.0,42263.0,Adult,Medium,0
11049,F,16.0,65232.0,Young,Medium,0
11050,Male,44.0,28319.0,Adult,Low,0
11051,F,29.0,53113.0,Young,Medium,0
11052,Female,22.0,28924.0,Young,Low,0
11053,F,29.0,82511.0,Young,Medium,1
11054,F,35.0,83207.0,Adult,Medium,1
11055,F,29.0,21774.0,Young,Low,0
11056,M,11.0,98495.0,Young,High,1
11057,female,49.0,127917.0,Adult,High,1
11058,M,53.0,66520.0,Senior,Medium,1
11059,Female,46.0,48500.0,Adult,Medium,0
11060,Female,24.0,,Young,High,1
11061,F,36.0,31543.0,Adult,Low,0
11062,F,,65149.0,Adult,Medium,0
11063,female,,69460.0,Adult,Medium,1
11064,M,46.0,98618.0,Adult,High,1
11065,Female,30.0,73775.0,Adult,Medium,0
11066,female,39.0,52895.0,Adult,Medium,0
11067,Male,43.0,41572.0,Adult,Medium,0
11068,Male,56.0,56765.0,Senior,Medium,1
11069,M,45.0,40000.0,Adult,Medium,0
11070,male,,65807.0,Adult,Medium,1
11071,male,38.0,,Adult,Medium,0
11072,Male,-23.0,27810.0,Young,Low,0
11073,Male,41.0,,Adult,High,1
11074,Male,27.0,52312.0,Young,Medium,0
11075,F,55.0,-1200.0,Senior,Low,0
11076,Female,46.0,60691.0,Adult,Medium,1
11077,M,31.0,67070.0,Adult,Medium,0
11078,female,32.0,21447.0,Adult,Low,0
11079,Male,40.0,73699.0,Adult,Medium,1
11080,F,42.0,38828.0,Adult,Low,0
11081,F,39.0,107918.0,Adult,High,1
11082,Male,42.0,78064.0,Adult,Medium,1
11083,M,58.0,55325.0,Senior,Medium,1
11084,F,49.0,46276.0,Adult,Medium,0
11085,F,41.0,62483.0,Adult,Medium,1
11086,Female,48.0,79916.0,Adult,Medium,1
11087,Female,25.0,64151.0,Young,Medium,0
11088,Male,43.0,-500.0,Adult,Low,0
11089,F,58.0,66697.0,Senior,Medium,1
11090,Male,34.0,50059.0,Adult,Medium,0
11091,F,,56074.0,Young,Medium,0
11092,Female,30.0,13136.0,Adult,Low,0
11093,Female,25.0,89004.0,Young,Medium,1
11094,Female,29.0,72592.0,Young,Medium,0
11095,Male,34.0,46005.0,Adult,Medium,0
11096,Male,20.0,112664.0,Young,High,1
11097,Male,39.0,67391.0,Adult,Medium,1
11098,Male,47.0,38692.0,Adult,Low,0
11099,F,27.0,86294.0,Young,Medium,1
11100,M,57.0,75017.0,Senior,Medium,1
11101,Male,43.0,74813.0,Adult,Medium,1
11102,F,51.0,54849.0,Senior,Medium,1
11103,F,31.0,75878.0,Adult,Medium,1
11104,F,48.0,58560.0,Adult,Medium,1
11105,F,25.0,79202.0,Young,Medium,1
11106,Male,48.0,17839.0,Adult,Low,0
11107,M,41.0,54368.0,Adult,Medium,0
11108,female,45.0,108346.0,Adult,High,1
11109,female,24.0,45828.0,Young,Medium,0
11110,Male,28.0,49592.0,Young,Medium,0
11111,F,46.0,53775.0,Adult,Medium,1
11112,Male,27.0,34451.0,Young,Low,0
11113,Male,43.0,10095.0,Adult,Low,0
11114,Female,21.0,59704.0,Young,Medium,0
11115,Female,47.0,68075.0,Adult,Medium,1
11116,Female,24.0,63972.0,Young,Medium,0
11117,Male,44.0,61058.0,Adult,Medium,1
11118,F,46.0,66534.0,Adult,Medium,1
11119,male,30.0,90763.0,Adult,High,1
11120,Male,44.0,60532.0,Adult,Medium,1
11121,F,42.0,50433.0,Adult,Medium,0
11122,F,31.0,57945.0,Adult,Medium,0
11123,F,25.0,79600.0,Young,Medium,0
11124,F,13.0,100440.0,Young,High,1
11125,Female,41.0,49057.0,Adult,Medium,0
11126,Female,18.0,67495.0,Young,Medium,0
11127,Male,,73119.0,Adult,Medium,1
11128,M,35.0,40171.0,Adult,Medium,0
11129,M,47.0,65989.0,Adult,Medium,1
11130,male,33.0,28816.0,Adult,Low,0
11131,female,34.0,20453.0,Adult,Low,0
11132,Female,46.0,74392.0,Adult,Medium,1
11133,Male,42.0,55371.0,Adult,Medium,0
11134,Male,41.0,70342.0,Adult,Medium,1
11135,female,44.0,64072.0,Adult,Medium,1
11136,Male,19.0,40363.0,Young,Medium,0
11137,F,47.0,63627.0,Adult,Medium,1
11138,Female,44.0,34004.0,Adult,Low,0
11139,Female,25.0,99739.0,Young,High,1
11140,Female,36.0,30715.0,Adult,Low,0
11141,F,37.0,60017.0,Adult,Medium,0
11142,male,36.0,38979.0,Adult,Low,0
11143,female,43.0,79711.0,Adult,Medium,1
11144,Female,54.0,57058.0,Senior,Medium,1
11145,male,51.0,52298.0,Senior,Medium,1
11146,F,21.0,86788.0,Young,Medium,0
11147,F,45.0,66157.0,Adult,Medium,1
11148,Female,52.0,78371.0,Senior,Medium,1
11149,F,41.0,40688.0,Adult,Medium,0
11150,F,50.0,30195.0,Senior,Low,0
11151,female,62.0,68012.0,Senior,Medium,1
11152,F,49.0,57461.0,Adult,Medium,1
11153,female,39.0,81010.0,Adult,Medium,1
11154,female,50.0,63449.0,Senior,Medium,1
11155,Female,40.0,69882.0,Adult,Medium,1
11156,female,39.0,24082.0,Adult,Low,0
11157,Male,34.0,112558.0,Adult,High,1
11158,F,,60925.0,Senior,Medium,1
11159,F,28.0,82536.0,Young,Medium,1
11160,Male,57.0,43611.0,Senior,Medium,1
11161,F,42.0,72249.0,Adult,Medium,1
11162,Male,22.0,32926.0,Young,Low,0
11163,male,42.0,,Adult,Medium,1
11164,female,11.0,56086.0,Young,Medium,0
11165,Male,44.0,65644.0,Adult,Medium,1
11166,F,48.0,82253.0,Adult,Medium,1
11167,F,29.0,33881.0,Young,Low,0
11168,Female,40.0,48262.0,Adult,Medium,0
11169,Male,,76745.0,Senior,Medium,1
11170,male,31.0,117754.0,Adult,High,1
11171,Female,25.0,61434.0,Young,Medium,0
11172,F,55.0,80034.0,Senior,Medium,1
11173,Female,60.0,62785.0,Senior,Medium,1
11174,male,38.0,113920.0,Adult,High,1
11175,Female,50.0,21273.0,Senior,Low,0
11176,Female,53.0,67577.0,Senior,Medium,1
11177,F,29.0,24565.0,Young,Low,0
11178,Male,31.0,10347.0,Adult,Low,0
11179,female,51.0,72593.0,Senior,Medium,1
11180,Female,58.0,68296.0,Senior,Medium,1
11181,F,45.0,57505.0,Adult,Medium,1
11182,male,27.0,62019.0,Young,Medium,0
11183,Female,62.0,,Senior,High,1
11184,F,30.0,58110.0,Adult,Medium,0
11185,Male,34.0,77645.0,Adult,Medium,1
11186,F,,49228.0,Adult,Medium,0
11187,female,56.0,72244.0,Senior,Medium,1
11188,Male,,-45000.0,Adult,Low,0
11189,male,42.0,54994.0,Adult,Medium,0
11190,female,44.0,110334.0,Adult,High,1
11191,Male,37.0,94677.0,Adult,High,1
11192,Female,45.0,68088.0,Adult,Medium,1
11193,male,8.0,9550.0,Young,Low,0
11194,Female,35.0,55801.0,Adult,Medium,0
11195,Male,41.0,132945.0,Adult,High,1
11196,F,23.0,59397.0,Young,Medium,0
11197,F,41.0,92671.0,Adult,High,1
11198,F,34.0,101478.0,Adult,High,1
11199,female,6.0,70118.0,Young,Medium,0
11200,Male,55.0,43727.0,Senior,Medium,0
11201,female,32.0,9654.0,Adult,Low,0
11202,Male,35.0,82514.0,Adult,Medium,1
11203,Male,38.0,44638.0,Adult,Medium,0
11204,male,32.0,69751.0,Adult,Medium,1
11205,Female,41.0,33616.0,Adult,Low,0
11206,F,28.0,58193.0,Young,Medium,0
11207,female,25.0,,Young,Medium,0
11208,Female,46.0,71868.0,Adult,Medium,1
11209,male,45.0,,Adult,Low,0
11210,F,27.0,94915.0,Young,High,1
11211,Female,48.0,50122.0,Adult,Medium,0
11212,Female,30.0,22941.0,Adult,Low,0
11213,Male,41.0,,Adult,Medium,1
11214,F,47.0,,Adult,Medium,1
11215,female,37.0,68752.0,Adult,Medium,1
11216,Male,44.0,99202.0,Adult,High,1
11217,Male,32.0,59353.0,Adult,Medium,0
11218,female,34.0,62025.0,Adult,Medium,0
11219,Female,34.0,37803.0,Adult,Low,0
11220,male,29.0,85188.0,Young,Medium,1
11221,F,34.0,69991.0,Adult,Medium,0
11222,Male,18.0,54408.0,Young,Medium,0
11223,Female,32.0,17608.0,Adult,Low,0
11224,F,,100973.0,Adult,High,1
11225,M,35.0,33830.0,Adult,Low,0
11226,Female,34.0,50035.0,Adult,Medium,0
11227,M,38.0,73982.0,Adult,Medium,1
11228,male,44.0,,Adult,Low,0
11229,F,47.0,27914.0,Adult,Low,0
11230,M,30.0,11676.0,Adult,Low,0
11231,F,22.0,83127.0,Young,Medium,0
11232,Male,24.0,-500.0,Young,Low,0
11233,Male,31.0,138633.0,Adult,High,1
11234,Male,33.0,39869.0,Adult,Low,0
11235,Female,28.0,42126.0,Young,Medium,0
11236,M,22.0,50472.0,Young,Medium,0
11237,F,32.0,71378.0,Adult,Medium,0
11238,Female,39.0,53659.0,Adult,Medium,0
11239,F,,80763.0,Adult,Medium,1
11240,Male,30.0,40210.0,Adult,Medium,0
11241,F,33.0,30279.0,Adult,Low,0
11242,F,27.0,,Young,Low,0
11243,F,36.0,10375.0,Adult,Low,0
11244,F,28.0,51876.0,Young,Medium,0
11245,female,44.0,57851.0,Adult,Medium,1
11246,Female,17.0,49466.0,Young,Medium,0
11247,Male,34.0,96241.0,Adult,High,1
11248,Male,41.0,95555.0,Adult,High,1
11249,F,,56142.0,Adult,Medium,0
11250,Female,69.0,19925.0,Senior,Low,0
11251,F,43.0,50402.0,Adult,Medium,0
11252,Female,24.0,50330.0,Young,Medium,0
11253,Male,37.0,48265.0,Adult,Medium,0
11254,Male,17.0,47921.0,Young,Medium,0
11255,female,37.0,48974.0,Adult,Medium,0
11256,Female,28.0,55763.0,Young,Medium,0
11257,Male,47.0,49489.0,Adult,Medium,0
11258,Female,31.0,70230.0,Adult,Medium,0
11259,Male,36.0,73614.0,Adult,Medium,1
11260,Female,30.0,42502.0,Adult,Medium,0
11261,male,58.0,97261.0,Senior,High,1
11262,F,34.0,40890.0,Adult,Medium,0
11263,male,58.0,24249.0,Senior,Low,0
11264,Female,46.0,74163.0,Adult,Medium,1
11265,Male,43.0,45040.0,Adult,Medium,0
11266,Male,42.0,73263.0,Adult,Medium,1
11267,M,41.0,,Adult,Low,0
11268,Female,15.0,,Young,High,1
11269,Female,33.0,81777.0,Adult,Medium,1
11270,male,49.0,27673.0,Adult,Low,0
11271,female,37.0,27745.0,Adult,Low,0
11272,F,21.0,106398.0,Young,High,1
11273,F,36.0,46324.0,Adult,Medium,0
11274,Male,58.0,44578.0,Senior,Medium,1
11275,Female,53.0,10074.0,Senior,Low,0
11276,Male,38.0,56270.0,Adult,Medium,0
11277,Male,48.0,59593.0,Adult,Medium,1
11278,F,34.0,83245.0,Adult,Medium,1
11279,Male,16.0,29807.0,Young,Low,0
11280,Female,25.0,26975.0,Young,Low,0
11281,Female,57.0,76704.0,Senior,Medium,1
11282,female,35.0,90039.0,Adult,High,1
11283,Female,36.0,25290.0,Adult,Low,0
11284,Male,35.0,91915.0,Adult,High,1
11285,male,61.0,65716.0,Senior,Medium,1
11286,Female,58.0,92537.0,Senior,High,1
11287,Male,65.0,63045.0,Senior,Medium,1
11288,M,36.0,9754.0,Adult,Low,0
11289,Male,40.0,61383.0,Adult,Medium,1
11290,Male,18.0,91946.0,Young,High,1
11291,M,56.0,42847.0,Senior,Medium,1
11292,Male,22.0,55063.0,Young,Medium,0
11293,Female,41.0,60790.0,Adult,Medium,1
11294,female,24.0,10333.0,Young,Low,0
11295,F,29.0,106999.0,Young,High,1
11296,Male,26.0,42388.0,Young,Medium,0
11297,Male,30.0,77903.0,Adult,Medium,1
11298,Male,31.0,62544.0,Adult,Medium,0
11299,Female,31.0,96610.0,Adult,High,1
11300,female,47.0,75594.0,Adult,Medium,1
11301,Male,23.0,58725.0,Young,Medium,0
11302,F,40.0,42990.0,Adult,Medium,0
11303,Male,-12.0,84557.0,Young,Medium,0
11304,Female,31.0,17970.0,Adult,Low,0
11305,female,29.0,81324.0,Young,Medium,1
11306,F,35.0,37497.0,Adult,Low,0
11307,female,53.0,96354.0,Senior,High,1
11308,F,40.0,68643.0,Adult,Medium,1
11309,male,32.0,80689.0,Adult,Medium,1
11310,F,42.0,66731.0,Adult,Medium,1
11311,Male,23.0,21286.0,Young,Low,0
11312,F,,43761.0,Adult,Medium,0
11313,Female,42.0,81473.0,Adult,Medium,1
11314,F,33.0,69480.0,Adult,Medium,0
11315,Female,27.0,94113.0,Young,High,1
11316,Female,27.0,75580.0,Young,Medium,0
11317,Female,45.0,40786.0,Adult,Medium,0
11318,female,,44835.0,Senior,Medium,1
11319,Male,29.0,68070.0,Young,Medium,0
11320,Male,44.0,10033.0,Adult,Low,0
11321,Male,12.0,107014.0,Young,High,1
11322,Male,30.0,76269.0,Adult,Medium,1
11323,F,36.0,95232.0,Adult,High,1
11324,Male,28.0,25525.0,Young,Low,0
11325,F,27.0,96527.0,Young,High,1
11326,male,29.0,120904.0,Young,High,1
11327,Male,,31879.0,Adult,Low,0
11328,F,36.0,84626.0,Adult,Medium,1
11329,Female,10.0,65205.0,Young,Medium,0
11330,Female,12.0,26750.0,Young,Low,0
11331,Female,31.0,77487.0,Adult,Medium,1
11332,female,44.0,86178.0,Adult,Medium,1
11333,Male,6.0,49989.0,Young,Medium,0
11334,F,31.0,93843.0,Adult,High,1
11335,F,31.0,23662.0,Adult,Low,0
11336,Female,54.0,27176.0,Senior,Low,0
11337,Male,33.0,68443.0,Adult,Medium,0
11338,female,41.0,65530.0,Adult,Medium,1
11339,Male,39.0,-8000.0,Adult,Low,0
11340,Male,12.0,85738.0,Young,Medium,0
11341,male,47.0,78547.0,Adult,Medium,1
11342,Female,40.0,86026.0,Adult,Medium,1
11343,F,43.0,,Adult,Medium,1
11344,female,86.0,80220.0,Senior,Medium,1
11345,female,13.0,53971.0,Young,Medium,0
11346,Female,58.0,116179.0,Senior,High,1
11347,male,34.0,45032.0,Adult,Medium,0
11348,M,,117764.0,Adult,High,1
11349,F,36.0,66059.0,Adult,Medium,0
11350,Male,32.0,30686.0,Adult,Low,0
11351,F,30.0,98996.0,Adult,High,1
11352,Female,41.0,67730.0,Adult,Medium,1
11353,Female,19.0,85792.0,Young,Medium,0
11354,female,48.0,95962.0,Adult,High,1
11355,Female,33.0,73081.0,Adult,Medium,1
11356,F,23.0,50170.0,Young,Medium,0
11357,F,33.0,89524.0,Adult,Medium,1
11358,Female,52.0,64836.0,Senior,Medium,1
11359,male,32.0,82037.0,Adult,Medium,1
11360,Female,41.0,11134.0,Adult,Low,0
11361,F,30.0,76313.0,Adult,Medium,1
11362,Male,46.0,48902.0,Adult,Medium,0
11363,Female,45.0,106198.0,Adult,High,1
11364,Female,60.0,80364.0,Senior,Medium,1
11365,female,36.0,71308.0,Adult,Medium,1
11366,Male,47.0,-45000.0,Adult,Low,0
11367,female,39.0,,Adult,Medium,0
11368,F,52.0,105543.0,Senior,High,1
11369,Male,28.0,114877.0,Young,High,1
11370,Male,47.0,74334.0,Adult,Medium,1
11371,F,34.0,104795.0,Adult,High,1
11372,Male,38.0,50438.0,Adult,Medium,0
11373,F,40.0,44841.0,Adult,Medium,0
11374,Female,40.0,66510.0,Adult,Medium,1
11375,Male,35.0,76343.0,Adult,Medium,1
11376,F,39.0,54719.0,Adult,Medium,0
11377,Female,56.0,78261.0,Senior,Medium,1
11378,Female,50.0,72534.0,Senior,Medium,1
11379,M,47.0,39630.0,Adult,Low,0
11380,Female,-23.0,78169.0,Young,Medium,0
11381,Male,26.0,86344.0,Young,Medium,1
11382,M,50.0,69002.0,Senior,Medium,1
11383,F,48.0,93765.0,Adult,High,1
11384,male,56.0,34957.0,Senior,Low,0
11385,Female,,76741.0,Young,Medium,1
11386,male,34.0,35382.0,Adult,Low,0
11387,F,17.0,36807.0,Young,Low,0
11388,Male,33.0,48757.0,Adult,Medium,0
11389,F,49.0,41771.0,Adult,Medium,0
11390,Female,32.0,50951.0,Adult,Medium,0
11391,Male,45.0,60004.0,Adult,Medium,1
11392,Male,34.0,85687.0,Adult,Medium,1
11393,Male,40.0,57198.0,Adult,Medium,0
11394,Female,23.0,25137.0,Young,Low,0
11395,male,39.0,93285.0,Adult,High,1
11396,F,2.0,44181.0,Young,Medium,0
11397,Female,34.0,63947.0,Adult,Medium,0
11398,Male,17.0,76204.0,Young,Medium,0
11399,Female,52.0,70091.0,Senior,Medium,1
11400,female,48.0,92001.0,Adult,High,1
11401,Male,42.0,77130.0,Adult,Medium,1
11402,Male,55.0,43033.0,Senior,Medium,1
11403,Male,25.0,119908.0,Young,High,1
11404,female,58.0,70226.0,Senior,Medium,1
11405,Female,48.0,-1200.0,Adult,Low,0
11406,Female,34.0,89597.0,Adult,Medium,1
11407,F,50.0,71675.0,Senior,Medium,1
11408,F,23.0,75272.0,Young,Medium,0
11409,Female,27.0,127082.0,Young,High,1
11410,F,31.0,58368.0,Adult,Medium,0
11411,Male,32.0,56997.0,Adult,Medium,0
11412,Male,24.0,,Young,Medium,0
11413,male,51.0,92151.0,Senior,High,1
11414,Male,33.0,27234.0,Adult,Low,0
11415,Female,41.0,15488.0,Adult,Low,0
11416,F,31.0,50158.0,Adult,Medium,0
11417,Male,16.0,24132.0,Young,Low,0
11418,Male,41.0,54599.0,Adult,Medium,0
11419,Female,16.0,78009.0,Young,Medium,0
11420,F,36.0,42416.0,Adult,Medium,0
11421,male,21.0,28997.0,Young,Low,0
11422,Female,60.0,66916.0,Senior,Medium,1
11423,Male,47.0,86322.0,Adult,Medium,1
11424,Male,40.0,22841.0,Adult,Low,0
11425,F,54.0,85968.0,Senior,Medium,1
11426,F,27.0,85578.0,Young,Medium,1
11427,Male,44.0,88909.0,Adult,Medium,1
11428,F,41.0,95468.0,Adult,High,1
11429,Female,42.0,,Adult,High,1
11430,F,52.0,56067.0,Senior,Medium,1
11431,Female,45.0,67399.0,Adult,Medium,1
11432,Female,41.0,499788.0,Adult,High,1
11433,Female,18.0,64888.0,Young,Medium,0
11434,Female,27.0,103720.0,Young,High,1
11435,Male,36.0,31706.0,Adult,Low,0
11436,Male,38.0,43474.0,Adult,Medium,0
11437,male,25.0,99034.0,Young,High,1
11438,female,65.0,90801.0,Senior,High,1
11439,Male,57.0,55895.0,Senior,Medium,1
11440,female,46.0,86712.0,Adult,Medium,1
11441,F,37.0,73629.0,Adult,Medium,1
11442,Male,35.0,102468.0,Adult,High,1
11443,female,26.0,66844.0,Young,Medium,0
11444,Female,38.0,90843.0,Adult,High,1
11445,F,,130702.0,Adult,High,1
11446,Male,22.0,80274.0,Young,Medium,0
11447,female,43.0,66381.0,Adult,Medium,1
11448,F,35.0,83345.0,Adult,Medium,1
11449,F,15.0,55515.0,Young,Medium,0
11450,female,,124386.0,Young,High,1
11451,Female,32.0,69653.0,Adult,Medium,0
11452,Female,61.0,57806.0,Senior,Medium,1
11453,F,43.0,44058.0,Adult,Medium,0
11454,Female,20.0,92445.0,Young,High,1
11455,Male,42.0,86669.0,Adult,Medium,1
11456,F,20.0,52541.0,Young,Medium,0
11457,female,49.0,79173.0,Adult,Medium,1
11458,female,31.0,27323.0,Adult,Low,0
11459,Male,-23.0,69582.0,Young,Medium,0
11460,Female,52.0,76353.0,Senior,Medium,1
11461,M,22.0,107960.0,Young,High,1
11462,Female,21.0,45969.0,Young,Medium,0
11463,Male,30.0,33321.0,Adult,Low,0
11464,Female,51.0,42750.0,Senior,Medium,0
11465,F,19.0,31768.0,Young,Low,0
11466,Male,3.0,,Young,High,1
11467,F,31.0,103509.0,Adult,High,1
11468,M,44.0,73419.0,Adult,Medium,1
11469,F,52.0,95466.0,Senior,High,1
11470,F,31.0,68122.0,Adult,Medium,0
11471,Female,33.0,62709.0,Adult,Medium,0
11472,female,52.0,56481.0,Senior,Medium,1
11473,F,15.0,57465.0,Young,Medium,0
11474,M,,26746.0,Adult,Low,0
11475,male,41.0,72102.0,Adult,Medium,1
11476,Female,44.0,63866.0,Adult,Medium,1
11477,F,31.0,83291.0,Adult,Medium,1
11478,female,39.0,67651.0,Adult,Medium,1
11479,F,9.0,60635.0,Young,Medium,0
11480,Female,,43708.0,Adult,Medium,0
11481,F,44.0,66963.0,Adult,Medium,1
11482,Male,26.0,,Young,Medium,1
11483,Female,37.0,36295.0,Adult,Low,0
11484,Male,44.0,67426.0,Adult,Medium,1
11485,male,33.0,70629.0,Adult,Medium,0
11486,M,39.0,46609.0,Adult,Medium,0
11487,M,27.0,50372.0,Young,Medium,0
11488,female,36.0,71050.0,Adult,Medium,1
11489,M,45.0,36271.0,Adult,Low,0
11490,Female,38.0,73434.0,Adult,Medium,1
11491,Male,30.0,43102.0,Adult,Medium,0
11492,M,41.0,91299.0,Adult,High,1
11493,Male,47.0,122992.0,Adult,High,1
11494,Male,,43811.0,Young,Medium,0
11495,Female,-23.0,,Young,Medium,0
11496,Female,32.0,47057.0,Adult,Medium,0
11497,Female,42.0,91324.0,Adult,High,1
11498,Female,52.0,33121.0,Senior,Low,0
11499,M,21.0,77470.0,Young,Medium,0
11500,F,29.0,43544.0,Young,Medium,0
11501,Female,35.0,59411.0,Adult,Medium,0
11502,Female,28.0,38904.0,Young,Low,0
11503,Male,57.0,85082.0,Senior,Medium,1
11504,male,27.0,44532.0,Young,Medium,0
11505,M,31.0,78686.0,Adult,Medium,1
11506,M,39.0,56118.0,Adult,Medium,0
11507,Female,22.0,62627.0,Young,Medium,0
11508,Female,,499896.0,Adult,High,1
11509,Female,40.0,46391.0,Adult,Medium,0
11510,female,33.0,,Adult,Medium,0
11511,F,,103318.0,Adult,High,1
11512,female,30.0,-8000.0,Adult,Low,0
11513,F,20.0,94234.0,Young,High,1
11514,Male,41.0,102126.0,Adult,High,1
11515,Male,60.0,44999.0,Senior,Medium,1
11516,Male,37.0,28433.0,Adult,Low,0
11517,Female,41.0,73032.0,Adult,Medium,1
11518,F,47.0,-500.0,Adult,Low,0
11519,Male,21.0,111249.0,Young,High,1
11520,F,57.0,65586.0,Senior,Medium,1
11521,Male,40.0,45165.0,Adult,Medium,0
11522,F,57.0,36492.0,Senior,Low,0
11523,M,29.0,92154.0,Young,High,1
11524,Male,58.0,50738.0,Senior,Medium,1
11525,Female,48.0,65863.0,Adult,Medium,1
11526,male,45.0,89032.0,Adult,Medium,1
11527,male,40.0,52867.0,Adult,Medium,0
11528,male,35.0,64230.0,Adult,Medium,0
11529,F,51.0,64409.0,Senior,Medium,1
11530,Female,40.0,81938.0,Adult,Medium,1
11531,male,14.0,79357.0,Young,Medium,0
11532,Female,23.0,59038.0,Young,Medium,0
11533,female,35.0,66455.0,Adult,Medium,0
11534,male,40.0,55875.0,Adult,Medium,0
11535,M,38.0,,Adult,Low,0
11536,Male,51.0,71305.0,Senior,Medium,1
11537,Male,14.0,112597.0,Young,High,1
11538,female,39.0,43388.0,Adult,Medium,0
11539,Male,,500343.0,Young,High,1
11540,Female,48.0,43018.0,Adult,Medium,0
11541,female,36.0,83216.0,Adult,Medium,1
11542,Male,43.0,,Adult,Medium,1
11543,Female,27.0,61172.0,Young,Medium,0
11544,male,54.0,42049.0,Senior,Medium,0
11545,F,50.0,67446.0,Senior,Medium,1
11546,Female,46.0,25435.0,Adult,Low,0
11547,F,36.0,69000.0,Adult,Medium,0
11548,Female,43.0,86390.0,Adult,Medium,1
11549,Male,28.0,33580.0,Young,Low,0
11550,Female,48.0,26610.0,Adult,Low,0
11551,F,56.0,104683.0,Senior,High,1
11552,Female,51.0,49410.0,Senior,Medium,1
11553,F,28.0,92911.0,Young,High,1
11554,F,41.0,61589.0,Adult,Medium,1
11555,Male,23.0,61066.0,Young,Medium,0
11556,Male,43.0,76088.0,Adult,Medium,1
11557,Female,42.0,42869.0,Adult,Medium,0
11558,M,15.0,68277.0,Young,Medium,0
11559,F,25.0,55265.0,Young,Medium,0
11560,F,35.0,32091.0,Adult,Low,0
11561,M,34.0,499926.0,Adult,High,1
11562,Male,23.0,58572.0,Young,Medium,0
11563,F,41.0,60683.0,Adult,Medium,1
11564,male,40.0,750174.0,Adult,High,1
11565,F,34.0,104849.0,Adult,High,1
11566,Female,28.0,87346.0,Young,Medium,1
11567,Female,51.0,89117.0,Senior,Medium,1
11568,Male,56.0,56930.0,Senior,Medium,1
11569,Female,32.0,21515.0,Adult,Low,0
11570,Female,31.0,113710.0,Adult,High,1
11571,Female,43.0,63621.0,Adult,Medium,1
11572,Male,32.0,46087.0,Adult,Medium,0
11573,female,36.0,75844.0,Adult,Medium,1
11574,F,46.0,94029.0,Adult,High,1
11575,Male,15.0,64721.0,Young,Medium,0
11576,Male,-23.0,96529.0,Young,High,1
11577,Male,39.0,-8000.0,Adult,Low,0
11578,Female,32.0,37936.0,Adult,Low,0
11579,Female,37.0,47979.0,Adult,Medium,0
11580,Female,37.0,89370.0,Adult,Medium,1
11581,Male,17.0,10166.0,Young,Low,0
11582,M,54.0,61361.0,Senior,Medium,1
11583,Female,37.0,28761.0,Adult,Low,0
11584,Female,44.0,52653.0,Adult,Medium,0
11585,F,50.0,57215.0,Senior,Medium,1
11586,Male,24.0,55734.0,Young,Medium,0
11587,female,44.0,50905.0,Adult,Medium,0
11588,M,34.0,37670.0,Adult,Low,0
11589,Female,-12.0,122224.0,Young,High,1
11590,female,11.0,111536.0,Young,High,1
11591,female,37.0,,Adult,Low,0
11592,F,30.0,104291.0,Adult,High,1
11593,Male,42.0,54728.0,Adult,Medium,0
11594,Male,44.0,67905.0,Adult,Medium,1
11595,female,29.0,63482.0,Young,Medium,0
11596,Female,30.0,48335.0,Adult,Medium,0
11597,male,37.0,,Adult,Medium,1
11598,Male,28.0,68527.0,Young,Medium,0
11599,Male,47.0,53211.0,Adult,Medium,1
11600,F,33.0,32334.0,Adult,Low,0
11601,Male,2.0,42766.0,Young,Medium,0
11602,male,33.0,,Adult,Low,0
11603,Male,25.0,65341.0,Young,Medium,0
11604,M,17.0,35226.0,Young,Low,0
11605,Male,22.0,58038.0,Young,Medium,0
11606,Female,39.0,99146.0,Adult,High,1
11607,Male,53.0,94626.0,Senior,High,1
11608,F,41.0,64568.0,Adult,Medium,1
11609,Male,31.0,63283.0,Adult,Medium,0
11610,Female,43.0,111693.0,Adult,High,1
11611,F,31.0,78486.0,Adult,Medium,1
11612,Female,28.0,57140.0,Young,Medium,0
11613,Female,,28932.0,Young,Low,0
11614,male,-5.0,75014.0,Young,Medium,0
11615,male,33.0,85317.0,Adult,Medium,1
11616,Female,40.0,49164.0,Adult,Medium,0
11617,F,37.0,72255.0,Adult,Medium,1
11618,Female,32.0,55662.0,Adult,Medium,0
11619,Female,27.0,,Young,Medium,0
11620,female,46.0,9571.0,Adult,Low,0
11621,Female,21.0,59177.0,Young,Medium,0
11622,Male,47.0,89009.0,Adult,Medium,1
11623,Female,26.0,49508.0,Young,Medium,0
11624,F,28.0,66588.0,Young,Medium,0
11625,Male,19.0,45846.0,Young,Medium,0
11626,female,30.0,73851.0,Adult,Medium,1
11627,Male,50.0,59658.0,Senior,Medium,1
11628,Female,43.0,41941.0,Adult,Medium,0
11629,Male,48.0,98283.0,Adult,High,1
11630,Female,43.0,88176.0,Adult,Medium,1
11631,female,25.0,50147.0,Young,Medium,0
11632,male,,77908.0,Adult,Medium,1
11633,Female,29.0,78903.0,Young,Medium,1
11634,F,52.0,80563.0,Senior,Medium,1
11635,F,23.0,22330.0,Young,Low,0
11636,Male,47.0,89668.0,Adult,Medium,1
11637,M,49.0,50999.0,Adult,Medium,1
11638,Male,59.0,56198.0,Senior,Medium,1
11639,F,33.0,131353.0,Adult,High,1
11640,F,47.0,72170.0,Adult,Medium,1
11641,Female,65.0,54855.0,Senior,Medium,1
11642,F,30.0,10459.0,Adult,Low,0
11643,Female,20.0,100237.0,Young,High,1
11644,Female,15.0,31393.0,Young,Low,0
11645,Male,46.0,40043.0,Adult,Medium,0
11646,female,16.0,56455.0,Young,Medium,0
11647,Male,33.0,100684.0,Adult,High,1
11648,F,43.0,84189.0,Adult,Medium,1
11649,F,40.0,61071.0,Adult,Medium,0
11650,female,-1.0,73158.0,Young,Medium,0
11651,Male,41.0,49809.0,Adult,Medium,0
11652,male,52.0,,Senior,Medium,1
11653,male,25.0,67278.0,Young,Medium,0
11654,M,29.0,88748.0,Young,Medium,1
11655,Male,29.0,89212.0,Young,Medium,1
11656,F,48.0,77769.0,Adult,Medium,1
11657,Female,-1.0,,Young,Medium,0
11658,male,42.0,83674.0,Adult,Medium,1
11659,M,52.0,63051.0,Senior,Medium,1
11660,Female,24.0,38386.0,Young,Low,0
11661,Female,59.0,55379.0,Senior,Medium,1
11662,Female,55.0,67513.0,Senior,Medium,1
11663,F,47.0,87959.0,Adult,Medium,1
11664,Female,200.0,-300.0,Senior,Low,0
11665,F,19.0,34615.0,Young,Low,0
11666,F,30.0,66112.0,Adult,Medium,0
11667,Male,30.0,499667.0,Adult,High,1
11668,F,46.0,69521.0,Adult,Medium,1
11669,Male,24.0,87984.0,Young,Medium,1
11670,F,47.0,,Adult,High,1
11671,M,54.0,50005.0,Senior,Medium,1
11672,F,45.0,49577.0,Adult,Medium,0
11673,F,41.0,38738.0,Adult,Low,0
11674,F,25.0,,Young,Medium,1
11675,F,27.0,101326.0,Young,High,1
11676,male,51.0,57210.0,Senior,Medium,1
11677,Male,48.0,58634.0,Adult,Medium,1
11678,M,38.0,101681.0,Adult,High,1
11679,Male,32.0,77543.0,Adult,Medium,1
11680,female,14.0,75978.0,Young,Medium,0
11681,male,-5.0,34933.0,Young,Low,0
11682,F,60.0,499653.0,Senior,High,1
11683,Female,23.0,42056.0,Young,Medium,0
11684,F,41.0,36196.0,Adult,Low,0
11685,Male,50.0,56478.0,Senior,Medium,1
11686,F,23.0,49855.0,Young,Medium,0
11687,F,41.0,59706.0,Adult,Medium,0
11688,Female,49.0,29379.0,Adult,Low,0
11689,Female,39.0,89237.0,Adult,Medium,1
11690,female,73.0,93098.0,Senior,High,1
11691,Male,18.0,15922.0,Young,Low,0
11692,Female,51.0,89133.0,Senior,Medium,1
11693,M,35.0,44741.0,Adult,Medium,0
11694,Male,46.0,86053.0,Adult,Medium,1
11695,M,42.0,63185.0,Adult,Medium,1
11696,Male,30.0,,Adult,Medium,0
11697,Male,41.0,60423.0,Adult,Medium,1
11698,Male,14.0,95249.0,Young,High,1
11699,F,46.0,34359.0,Adult,Low,0
11700,Female,40.0,79711.0,Adult,Medium,1
11701,F,45.0,92671.0,Adult,High,1
11702,Female,50.0,83292.0,Senior,Medium,1
11703,male,42.0,122965.0,Adult,High,1
11704,Female,39.0,51478.0,Adult,Medium,0
11705,Female,27.0,88565.0,Young,Medium,1
11706,Male,29.0,62617.0,Young,Medium,0
11707,Female,51.0,95860.0,Senior,High,1
11708,Male,56.0,64814.0,Senior,Medium,1
11709,Female,34.0,54868.0,Adult,Medium,0
11710,Female,38.0,97630.0,Adult,High,1
11711,Male,151.0,53072.0,Senior,Medium,1
11712,Male,53.0,499958.0,Senior,High,1
11713,F,45.0,51919.0,Adult,Medium,1
11714,Female,61.0,80681.0,Senior,Medium,1
11715,Male,27.0,,Young,High,1
11716,F,33.0,67436.0,Adult,Medium,0
11717,Male,40.0,97614.0,Adult,High,1
11718,female,45.0,30798.0,Adult,Low,0
11719,F,36.0,54401.0,Adult,Medium,0
11720,Male,27.0,58181.0,Young,Medium,0
11721,Male,48.0,62575.0,Adult,Medium,1
11722,Male,47.0,67128.0,Adult,Medium,1
11723,male,26.0,82320.0,Young,Medium,0
11724,Male,54.0,53533.0,Senior,Medium,1
11725,female,53.0,68460.0,Senior,Medium,1
11726,Male,40.0,63802.0,Adult,Medium,1
11727,Female,37.0,41378.0,Adult,Medium,0
11728,F,44.0,61669.0,Adult,Medium,1
11729,F,27.0,60974.0,Young,Medium,0
11730,Female,38.0,60913.0,Adult,Medium,0
11731,male,13.0,65388.0,Young,Medium,0
11732,Female,48.0,66605.0,Adult,Medium,1
11733,Female,19.0,53885.0,Young,Medium,0
11734,Female,56.0,96963.0,Senior,High,1
11735,Male,34.0,35551.0,Adult,Low,0
11736,F,34.0,47018.0,Adult,Medium,0
11737,Female,29.0,134883.0,Young,High,1
11738,Male,33.0,38588.0,Adult,Low,0
11739,M,55.0,31519.0,Senior,Low,0
11740,M,8.0,83799.0,Young,Medium,0
11741,F,54.0,13510.0,Senior,Low,0
11742,female,43.0,58823.0,Adult,Medium,0
11743,female,24.0,,Young,High,1
11744,Male,25.0,26817.0,Young,Low,0
11745,M,57.0,15877.0,Senior,Low,0
11746,Female,25.0,27574.0,Young,Low,0
11747,Male,23.0,87441.0,Young,Medium,1
11748,male,51.0,92955.0,Senior,High,1
11749,female,41.0,999995.0,Adult,High,1
11750,Male,,82350.0,Young,Medium,1
11751,Female,41.0,99504.0,Adult,High,1
11752,Male,24.0,109256.0,Young,High,1
11753,Male,52.0,,Senior,Low,0
11754,Male,49.0,10330.0,Adult,Low,0
11755,F,43.0,44856.0,Adult,Medium,0
11756,F,43.0,,Adult,Medium,0
11757,F,60.0,58811.0,Senior,Medium,1
11758,Female,38.0,60637.0,Adult,Medium,0
11759,Male,,93342.0,Young,High,1
11760,Female,4.0,97061.0,Young,High,1
11761,Female,64.0,60345.0,Senior,Medium,1
11762,F,26.0,92909.0,Young,High,1
11763,Male,33.0,73897.0,Adult,Medium,1
11764,Female,43.0,66925.0,Adult,Medium,1
11765,Male,38.0,87985.0,Adult,Medium,1
11766,male,25.0,67247.0,Young,Medium,0
11767,female,50.0,116787.0,Senior,High,1
11768,Female,65.0,28982.0,Senior,Low,0
11769,M,41.0,51972.0,Adult,Medium,0
11770,M,28.0,62332.0,Young,Medium,0
11771,Female,20.0,76279.0,Young,Medium,0
11772,F,42.0,96609.0,Adult,High,1
11773,F,52.0,64567.0,Senior,Medium,1
11774,F,44.0,29733.0,Adult,Low,0
11775,F,37.0,86099.0,Adult,Medium,1
11776,male,31.0,84354.0,Adult,Medium,1
11777,female,25.0,16405.0,Young,Low,0
11778,Female,49.0,64822.0,Adult,Medium,1
11779,male,48.0,25195.0,Adult,Low,0
11780,F,20.0,48877.0,Young,Medium,0
11781,Male,57.0,42513.0,Senior,Medium,0
11782,F,43.0,84845.0,Adult,Medium,1
11783,Female,55.0,,Senior,Medium,1
11784,Female,21.0,32728.0,Young,Low,0
11785,Female,20.0,87414.0,Young,Medium,0
11786,F,36.0,29336.0,Adult,Low,0
11787,Female,44.0,73531.0,Adult,Medium,1
11788,Female,58.0,44663.0,Senior,Medium,1
11789,Male,47.0,55567.0,Adult,Medium,1
11790,Female,36.0,77993.0,Adult,Medium,1
11791,Male,25.0,78533.0,Young,Medium,0
11792,female,51.0,98826.0,Senior,High,1
11793,Female,27.0,63435.0,Young,Medium,0
11794,female,,73062.0,Senior,Medium,1
11795,Male,33.0,,Adult,Medium,0
11796,Male,57.0,69861.0,Senior,Medium,1
11797,female,45.0,76381.0,Adult,Medium,1
11798,Male,37.0,,Adult,Medium,0
11799,Male,32.0,20032.0,Adult,Low,0
11800,Male,33.0,73464.0,Adult,Medium,1
11801,F,44.0,74048.0,Adult,Medium,1
11802,female,-5.0,48271.0,Young,Medium,0
11803,M,29.0,32616.0,Young,Low,0
11804,male,37.0,102058.0,Adult,High,1
11805,male,37.0,77053.0,Adult,Medium,1
11806,F,11.0,58887.0,Young,Medium,0
11807,Female,43.0,36673.0,Adult,Low,0
11808,Male,25.0,44783.0,Young,Medium,0
11809,Male,25.0,97817.0,Young,High,1
11810,Male,16.0,68300.0,Young,Medium,0
11811,Female,15.0,51063.0,Young,Medium,0
11812,female,21.0,-300.0,Young,Low,0
11813,male,,,Adult,Medium,0
11814,Male,-5.0,102202.0,Young,High,1
11815,Male,32.0,98809.0,Adult,High,1
11816,F,39.0,53043.0,Adult,Medium,0
11817,male,43.0,49685.0,Adult,Medium,0
11818,female,40.0,9772.0,Adult,Low,0
11819,Female,36.0,27578.0,Adult,Low,0
11820,M,23.0,31394.0,Young,Low,0
11821,Male,55.0,68824.0,Senior,Medium,1
11822,Male,58.0,56879.0,Senior,Medium,1
11823,Female,17.0,31123.0,Young,Low,0
11824,F,25.0,57952.0,Young,Medium,0
11825,Female,-23.0,77641.0,Young,Medium,0
11826,Female,27.0,77786.0,Young,Medium,0
11827,Male,44.0,17986.0,Adult,Low,0
11828,F,30.0,61453.0,Adult,Medium,0
11829,F,63.0,30064.0,Senior,Low,0
11830,male,53.0,87159.0,Senior,Medium,1
11831,F,39.0,84560.0,Adult,Medium,1
11832,Female,49.0,42613.0,Adult,Medium,0
11833,Female,51.0,46161.0,Senior,Medium,0
11834,female,32.0,53012.0,Adult,Medium,0
11835,F,-12.0,10276.0,Young,Low,0
11836,Female,37.0,73896.0,Adult,Medium,1
11837,Male,47.0,58451.0,Adult,Medium,1
11838,male,,89572.0,Adult,Medium,1
11839,F,19.0,37272.0,Young,Low,0
11840,Male,29.0,49395.0,Young,Medium,0
11841,M,149.0,27382.0,Senior,Low,0
11842,Female,37.0,40241.0,Adult,Medium,0
11843,Female,60.0,35898.0,Senior,Low,0
11844,Female,20.0,,Young,High,1
11845,F,,-300.0,Adult,Low,0
11846,Male,54.0,67628.0,Senior,Medium,1
11847,Male,-23.0,55374.0,Young,Medium,0
11848,Male,34.0,,Adult,Low,0
11849,F,43.0,61076.0,Adult,Medium,1
11850,Female,44.0,79512.0,Adult,Medium,1
11851,male,40.0,34779.0,Adult,Low,0
11852,F,35.0,84949.0,Adult,Medium,1
11853,F,44.0,44119.0,Adult,Medium,0
11854,F,6.0,53213.0,Young,Medium,0
11855,F,46.0,-300.0,Adult,Low,0
11856,male,38.0,48101.0,Adult,Medium,0
11857,female,-12.0,65840.0,Young,Medium,0
11858,Female,63.0,56888.0,Senior,Medium,1
11859,F,28.0,68387.0,Young,Medium,0
11860,female,33.0,9635.0,Adult,Low,0
11861,F,60.0,19718.0,Senior,Low,0
11862,Female,28.0,80717.0,Young,Medium,1
11863,Male,32.0,91019.0,Adult,High,1
11864,Female,35.0,42180.0,Adult,Medium,0
11865,F,,58816.0,Adult,Medium,1
11866,F,40.0,72158.0,Adult,Medium,1
11867,Male,22.0,82403.0,Young,Medium,0
11868,Male,30.0,13936.0,Adult,Low,0
11869,Male,29.0,42688.0,Young,Medium,0
11870,female,36.0,56994.0,Adult,Medium,0
11871,F,44.0,82334.0,Adult,Medium,1
11872,Male,43.0,127951.0,Adult,High,1
11873,Female,16.0,59522.0,Young,Medium,0
11874,F,51.0,29890.0,Senior,Low,0
11875,female,40.0,,Adult,Medium,1
11876,Female,53.0,97623.0,Senior,High,1
11877,Female,151.0,67238.0,Senior,Medium,1
11878,Female,51.0,42758.0,Senior,Medium,0
11879,male,43.0,88711.0,Adult,Medium,1
11880,Female,54.0,81237.0,Senior,Medium,1
11881,female,44.0,39479.0,Adult,Low,0
11882,F,37.0,74724.0,Adult,Medium,1
11883,Female,65.0,90243.0,Senior,High,1
11884,female,49.0,499829.0,Adult,High,1
11885,Male,43.0,62957.0,Adult,Medium,1
11886,Female,23.0,56131.0,Young,Medium,0
11887,Male,22.0,95399.0,Young,High,1
11888,Male,40.0,35150.0,Adult,Low,0
11889,female,40.0,76373.0,Adult,Medium,1
11890,F,31.0,31062.0,Adult,Low,0
11891,Male,40.0,91256.0,Adult,High,1
11892,M,56.0,58291.0,Senior,Medium,1
11893,F,47.0,97099.0,Adult,High,1
11894,Male,24.0,77371.0,Young,Medium,0
11895,Female,35.0,34436.0,Adult,Low,0
11896,female,27.0,,Young,High,1
11897,Female,34.0,103470.0,Adult,High,1
11898,Male,-7.0,86781.0,Young,Medium,1
11899,M,31.0,46374.0,Adult,Medium,0
11900,F,23.0,57463.0,Young,Medium,0
11901,Female,36.0,68990.0,Adult,Medium,1
11902,Male,32.0,47372.0,Adult,Medium,0
11903,female,3.0,106906.0,Young,High,1
11904,Male,,68937.0,Senior,Medium,1
11905,female,50.0,9862.0,Senior,Low,0
11906,Male,34.0,73979.0,Adult,Medium,1
11907,F,37.0,55878.0,Adult,Medium,0
11908,M,22.0,63318.0,Young,Medium,0
11909,male,,55947.0,Senior,Medium,1
11910,Male,60.0,84731.0,Senior,Medium,1
11911,male,40.0,93193.0,Adult,High,1
11912,F,51.0,72505.0,Senior,Medium,1
11913,F,41.0,56038.0,Adult,Medium,0
11914,M,22.0,64045.0,Young,Medium,0
11915,Female,33.0,65173.0,Adult,Medium,0
11916,female,38.0,44960.0,Adult,Medium,0
11917,F,32.0,-45000.0,Adult,Low,0
11918,Female,36.0,76264.0,Adult,Medium,1
11919,M,,103235.0,Adult,High,1
11920,M,37.0,96517.0,Adult,High,1
11921,female,38.0,47395.0,Adult,Medium,0
11922,Male,26.0,85129.0,Young,Medium,1
11923,Female,28.0,41555.0,Young,Medium,0
11924,M,23.0,82053.0,Young,Medium,0
11925,F,49.0,52489.0,Adult,Medium,1
11926,Male,6.0,-8000.0,Young,Low,0
11927,Female,,72333.0,Senior,Medium,1
11928,Female,53.0,10493.0,Senior,Low,0
11929,Female,35.0,20791.0,Adult,Low,0
11930,Male,7.0,60966.0,Young,Medium,0
11931,Female,,67205.0,Adult,Medium,0
11932,Female,37.0,56140.0,Adult,Medium,0
11933,Female,25.0,25407.0,Young,Low,0
11934,Female,30.0,44703.0,Adult,Medium,0
11935,female,57.0,74873.0,Senior,Medium,1
11936,F,45.0,79613.0,Adult,Medium,1
11937,male,25.0,64754.0,Young,Medium,0
11938,F,19.0,93824.0,Young,High,1
11939,Female,33.0,74882.0,Adult,Medium,1
11940,Male,34.0,45943.0,Adult,Medium,0
11941,Male,42.0,-8000.0,Adult,Low,0
11942,male,30.0,29772.0,Adult,Low,0
11943,F,43.0,62557.0,Adult,Medium,1
11944,female,60.0,92621.0,Senior,High,1
11945,F,46.0,81808.0,Adult,Medium,1
11946,Female,38.0,100133.0,Adult,High,1
11947,Female,36.0,,Adult,Medium,0
11948,Male,32.0,98992.0,Adult,High,1
11949,male,53.0,59826.0,Senior,Medium,1
11950,Female,29.0,101870.0,Young,High,1
11951,Male,39.0,64577.0,Adult,Medium,1
11952,Male,38.0,82923.0,Adult,Medium,1
11953,Female,30.0,500032.0,Adult,High,1
11954,female,21.0,59798.0,Young,Medium,0
11955,F,40.0,70733.0,Adult,Medium,1
11956,F,36.0,96831.0,Adult,High,1
11957,Female,44.0,62172.0,Adult,Medium,1
11958,Female,31.0,32234.0,Adult,Low,0
11959,Female,52.0,118357.0,Senior,High,1
11960,F,26.0,53274.0,Young,Medium,0
11961,Male,58.0,69436.0,Senior,Medium,1
11962,M,17.0,94195.0,Young,High,1
11963,F,44.0,50005.0,Adult,Medium,0
11964,M,44.0,39496.0,Adult,Low,0
11965,Female,28.0,71809.0,Young,Medium,0
11966,Female,43.0,19719.0,Adult,Low,0
11967,Male,53.0,58279.0,Senior,Medium,1
11968,M,11.0,70966.0,Young,Medium,0
11969,male,45.0,57992.0,Adult,Medium,1
11970,Male,7.0,26434.0,Young,Low,0
11971,Male,26.0,104723.0,Young,High,1
11972,F,57.0,67888.0,Senior,Medium,1
11973,male,32.0,101180.0,Adult,High,1
11974,Female,23.0,58129.0,Young,Medium,0
11975,male,35.0,42768.0,Adult,Medium,0
11976,F,63.0,72168.0,Senior,Medium,1
11977,male,16.0,750313.0,Young,High,1
11978,Female,25.0,35115.0,Young,Low,0
11979,F,200.0,101407.0,Senior,High,1
11980,F,59.0,49467.0,Senior,Medium,1
11981,Male,36.0,18764.0,Adult,Low,0
11982,F,23.0,98423.0,Young,High,1
11983,Female,62.0,52649.0,Senior,Medium,1
11984,Female,58.0,49436.0,Senior,Medium,1
11985,Male,45.0,20608.0,Adult,Low,0
11986,Male,28.0,109007.0,Young,High,1
11987,female,36.0,33067.0,Adult,Low,0
11988,Female,-12.0,66958.0,Young,Medium,0
11989,Female,-7.0,87748.0,Young,Medium,0
11990,female,56.0,75079.0,Senior,Medium,1
11991,female,49.0,63878.0,Adult,Medium,1
11992,Male,24.0,22525.0,Young,Low,0
11993,Female,53.0,44574.0,Senior,Medium,1
11994,Male,42.0,69704.0,Adult,Medium,1
11995,female,47.0,45195.0,Adult,Medium,0
11996,Female,55.0,70142.0,Senior,Medium,1
11997,F,25.0,82159.0,Young,Medium,0
11998,Male,38.0,89035.0,Adult,Medium,1
11999,Male,30.0,33903.0,Adult,Low,0
12000,male,20.0,120004.0,Young,High,1
11073,Male,41.0,,Adult,High,1
11049,F,16.0,65232.0,Young,Medium,0
10205,Female,35.0,80464.0,Adult,Medium,1
10695,Male,27.0,46207.0,Young,Medium,0
11759,Male,,93342.0,Young,High,1
10285,Female,25.0,82139.0,Young,Medium,1
11867,Male,22.0,82403.0,Young,Medium,0
11927,Female,,72333.0,Senior,Medium,1
11887,Male,22.0,95399.0,Young,High,1
11725,female,53.0,68460.0,Senior,Medium,1
10869,F,49.0,-8000.0,Adult,Low,0
11892,M,56.0,58291.0,Senior,Medium,1
11783,Female,55.0,,Senior,Medium,1
11704,Female,39.0,51478.0,Adult,Medium,0
10803,Female,53.0,54979.0,Senior,Medium,1
11303,Male,-12.0,84557.0,Young,Medium,0
11275,Female,53.0,10074.0,Senior,Low,0
11038,female,36.0,67366.0,Adult,Medium,1
10596,Female,27.0,66941.0,Young,Medium,0
11913,F,41.0,56038.0,Adult,Medium,0
11825,Female,-23.0,77641.0,Young,Medium,0
11029,male,41.0,10461.0,Adult,Low,0
10351,Female,53.0,48964.0,Senior,Medium,1
11090,Male,34.0,50059.0,Adult,Medium,0
10003,female,,93903.0,Adult,High,1
11076,Female,46.0,60691.0,Adult,Medium,1
11505,M,31.0,78686.0,Adult,Medium,1
10111,male,11.0,63139.0,Young,Medium,0
11063,female,,69460.0,Adult,Medium,1
10109,Male,53.0,65591.0,Senior,Medium,1
10919,female,49.0,97828.0,Adult,High,1
10501,female,29.0,61680.0,Young,Medium,0
10362,Female,45.0,30513.0,Adult,Low,0
11548,Female,43.0,86390.0,Adult,Medium,1
11282,female,35.0,90039.0,Adult,High,1
11159,F,28.0,82536.0,Young,Medium,1
11328,F,36.0,84626.0,Adult,Medium,1
10197,female,39.0,83918.0,Adult,Medium,1
11818,female,40.0,9772.0,Adult,Low,0
10238,Male,55.0,129219.0,Senior,High,1
10789,Female,46.0,78210.0,Adult,Medium,1
10721,F,30.0,45910.0,Adult,Medium,0
11296,Male,26.0,42388.0,Young,Medium,0
11410,F,31.0,58368.0,Adult,Medium,0
11705,Female,27.0,88565.0,Young,Medium,1
10545,Female,47.0,60112.0,Adult,Medium,1
11261,male,58.0,97261.0,Senior,High,1
11885,Male,43.0,62957.0,Adult,Medium,1
11307,female,53.0,96354.0,Senior,High,1
10846,M,26.0,59475.0,Young,Medium,0
